date,fg_bbl,stm_esston,elec_kwh,cdu_bbl,atm_temp,rain_mm,fg_mj,stm_mj,elec_mj,total_mj,sec_mj_per_bbl,fg_cost_mwon,stm_cost_mwon,elec_cost_mwon,total_cost_mwon,unit_cost_won_per_bbl,cqi_avg,cqi_level
2025-07-02,91591,477,5880482,739056,32.9958,0.0,579.8113300399999,1.47813714,56.1586031,637.4480702799999,862.516602639042,10364.987106,14.448311641674197,1040.845314,11420.280731641675,15452.524208776702,0.43426342092758424,High
2025-07-03,90159,690,5855945,741003,33.9885,0.0,570.7461399599999,2.1381858000000005,55.92427475000001,628.8086005099999,848.5911669858285,10202.933394,20.90007344393123,1036.502265,11260.335732443931,15196.073069129183,0.8516264857552233,Medium
2025-07-04,90238,454,5826871,736851,32.4622,0.0,571.2462447199999,1.40686428,55.64661805000001,628.29972705,852.6821936185198,10211.873508,13.751642526876491,1031.356167,11256.981317526877,15277.147371078925,0.6839816317166528,Medium
2025-07-05,91852,403,5848179,740293,33.2391,0.0,581.46357488,1.24882446,55.850109450000005,638.56250879,862.5807738152328,10394.523432,12.206854489716354,1035.127683,11441.857969489716,15455.850547674658,0.516445872855383,Medium
2025-07-06,91458,492,5875225,738429,33.7199,0.0,578.96938152,1.5246194400000002,56.108398750000006,636.60239971,862.1037360531616,10349.936028,14.902661064368354,1039.914825,11404.753514064369,15444.617578757565,0.2973772671828277,High
2025-07-07,90919,898,5875639,736727,33.1776,0.0,575.5572743600001,2.7827403600000005,56.11235245,634.4523671700001,861.1770264562043,10288.939554,27.20038543862354,1039.988103,11356.128042438624,15414.29599083327,0.4209272438969141,High
2025-07-08,91341,269,5853283,741887,30.0898,0.0,578.22872004,0.8335825800000001,55.89885265000001,634.96115527,855.8731387259785,10336.695606,8.147999646981885,1036.031091,11380.874696646983,15340.442273077952,0.8457232904568089,Medium
2025-07-09,91584,-142,5856881,742442,29.4145,0.0,579.7670169599999,-0.44003244,55.933213550000005,635.2601980699999,855.636127899553,10364.194944,-4.301174534838021,1036.667937,11396.561706465163,15350.103720513069,0.48550410737167127,High
2025-07-10,92130,50,5872675,741414,28.9386,0.0,583.2234371999999,0.154941,56.08404625000001,639.46242445,862.4903555233648,10425.98358,1.5144980756471904,1039.463475,11466.961553075647,15466.340739553943,0.24894718692876072,High
2025-07-11,91497,280,5880791,739819,27.8987,0.0,579.21626868,0.8676696,56.16155405000001,636.2454923299999,860.0015575836792,10354.349502,8.481189223624266,1040.900007,11403.730698223624,15414.217123679742,0.33967342163273134,High
2025-07-12,92261,85,5847816,740236,27.6246,0.0,584.0527248399999,0.2633997,55.846642800000005,640.16276734,864.809016773029,10440.808326,2.574646728600224,1035.063432,11478.446404728602,15506.46875419272,0.5349409093130182,Medium
2025-07-13,92649,334,5842906,739397,27.8671,0.1367,586.5089355599999,1.03500588,55.7997523,643.3436937399999,870.0923776266335,10484.716734,10.116847145323232,1034.194362,11529.027943145324,15592.473249344159,0.4551367305330844,High
2025-07-14,94205,427,5874305,734295,25.1079,0.1161,596.3591002,1.32319614,56.099612750000006,653.78190909,890.3532083018406,10660.80303,12.933813566027005,1039.751985,11713.488828566027,15952.020412185875,0.2956660374022179,High
2025-07-15,94278,-205,5831386,742432,26.4328,0.0097,596.82122232,-0.6352580999999999,55.68973630000001,651.87570052,878.0274833520107,10669.064148,-6.209442110153481,1032.155322,11695.010027889846,15752.29789110632,1.3561510750239565,Low
2025-07-16,93945,-238,5828430,727130,27.4128,0.0049,594.7131857999999,-0.7375191600000001,55.66150650000001,649.6371731399998,893.4264480079214,10631.37987,-7.2090108400806265,1031.63211,11655.80296915992,16029.874945552954,0.40523132671714307,High
2025-07-17,93769,68,5814388,692107,28.2793,0.0142,593.59902836,0.21071976,55.527405400000006,649.33715352,938.2034187199378,10611.462654,2.059717382880179,1029.146676,11642.669047382882,16822.065153773743,0.3291151816791422,High
2025-07-18,92468,521,5813342,703069,26.8493,0.0247,585.3631259199999,1.61448522,55.5174161,642.4950272399999,913.843487964908,10464.233688,15.781069948243724,1028.961534,11508.976291948244,16369.625587173157,0.46381742301850276,High
2025-07-19,92088,1010,5792396,708733,25.5549,0.059,582.95755872,3.1298082000000003,55.31738180000001,641.4047487199999,905.0019523854539,10421.230608,30.59286112807325,1025.254092,11477.077561128071,16193.795916273224,0.5670782250585862,Medium
2025-07-20,91574,175,5798278,712869,30.351,0.0,579.70371256,0.5422935,55.37355490000001,635.6195609600001,891.6358559005932,10363.063284,5.300743264765167,1026.295206,11394.659233264765,15984.226040499398,1.2040857774761566,Low
2025-07-21,91554,262,5854261,722136,31.1891,0.0,579.57710376,0.8118908400000001,55.90819255,636.29718715,881.1320681284411,10360.799964,7.9359699163912785,1036.204197,11404.940130916391,15793.341047830867,0.7020342489009427,Medium
2025-07-22,92817,350,5881533,741933,32.6002,0.0,587.57244948,1.084587,56.16864015000001,644.8256766300001,869.1157781497792,10503.728622,10.601486529530334,1041.031341,11555.361449529531,15574.669747173304,0.5212697016520423,Medium
2025-07-23,93799,153,5897672,734862,32.4836,0.0,593.7889415599999,0.47411946000000005,56.3227676,650.5858286199999,885.3170100236506,10614.857634,4.634364111480402,1043.887944,11663.37994211148,15871.524098553851,0.7257972046210028,Medium
2025-07-24,92425,236,5894763,717812,31.2572,0.0,585.090917,0.7313215200000001,56.294986650000006,642.1172251700001,894.5479111104302,10459.36755,7.148430917054739,1043.373051,11509.889031917057,16034.68461368305,0.3588918286903255,High
2025-07-25,92131,428,5875349,724393,31.5751,0.0,583.22976764,1.32629496,56.109582950000004,640.66564555,884.4172231785785,10426.096746,12.96410352753995,1039.936773,11478.997622527539,15846.36740350547,0.37852691960386875,High
2025-07-26,91858,355,5875110,725370,31.8873,0.0,581.50155752,1.1000811000000001,56.10730050000001,638.70893912,880.5284739098666,10395.202428,10.752936337095052,1039.89447,11445.849834337096,15779.326184343294,0.2650153932890067,High
2025-07-27,90863,400,5860671,724423,32.4707,0.0,575.2027697199999,1.239528,55.969408050000006,632.4117057699998,872.9867850275319,10282.602258,12.115984605177523,1037.338767,11332.057009605178,15642.873030819257,0.24013175816825225,High
2025-07-28,91525,444,5884161,707099,32.3409,0.0,579.393521,1.37587608,56.19373755,636.96313463,900.8118164924572,10357.51815,13.448742911747052,1041.496497,11412.463389911747,16139.83811306726,0.5396274851069266,Medium
2025-07-29,93663,-188,5904983,692441,31.6058,0.0,592.9280017199999,-0.5825781600000001,56.39258765,648.7380112099999,936.8856136623912,10599.467058,-5.694512764433436,1045.181991,11638.954536235566,16808.586632269846,1.6891800030993578,Low
2025-07-30,93387,-412,5960146,695402,30.9523,0.0,591.18080028,-1.27671384,56.91939430000001,646.82348074,930.1432563323085,10568.233242,-12.47946414333285,1054.945842,11610.699619856667,16696.38514105031,1.0792168587897972,Low
2025-07-31,94128,-366,5949337,682580,31.0785,0.0,595.8716563199999,-1.13416812,56.81616835,651.5536565499999,954.5454841190775,10652.089248,-11.086125913737435,1053.032649,11694.035771086263,17132.11018647816,0.25438342276864057,High
2025-08-01,93683,-235,5948400,660468,30.6622,0.0,593.05461052,-0.7282227000000001,56.80722000000001,649.1336078200001,982.8388473324976,10601.730378,-7.118140955541795,1052.8668,11647.479037044459,17635.190557369104,0.3002000358509069,High
2025-08-02,93395,172,5940163,658065,32.0188,0.0,591.2314438,0.53299704,56.72855665000001,648.49299749,985.454320606627,10569.13857,5.209873380226336,1051.408851,11625.757294380226,17666.578976818742,0.46167332889122087,High
2025-08-03,92873,290,5928000,654212,31.5617,0.1172,587.92695412,0.8986578000000001,56.61240000000001,645.43801192,986.5884635561561,10510.065918,8.784088838753703,1049.256,11568.106006838754,17682.50354141892,0.1822272326985501,High
2025-08-04,94594,496,5989401,672518,31.192,0.1263,598.8216413600001,1.53701472,57.198779550000005,657.5574356300001,977.7544030494353,10704.824604,15.02382091042013,1060.123977,11779.97240191042,17516.218750889075,0.9276760946066055,Medium
2025-08-05,96940,-840,6007232,674167,31.1523,0.0156,613.6728535999999,-2.6030088000000005,57.3690656,668.4389103999999,991.503455968625,10970.31204,-25.4435676708728,1063.280064,12008.148536329129,17811.83080205517,2.150319998077063,Low
2025-08-06,97942,-1038,5990578,674186,31.7585,0.0,620.01595448,-3.21657516,57.210019900000006,674.00939922,999.7380533265301,11083.704372,-31.440980050435673,1060.332306,12112.595697949564,17966.25218849036,0.6692720068237558,Medium
2025-08-07,96504,-1241,5975869,673406,31.4167,0.0031,610.91278176,-3.84563562,57.069548950000005,664.13669509,986.2351910882885,10920.971664,-37.58984223756327,1057.728813,11941.110634762437,17732.409029266797,0.4965901747414477,High
2025-08-08,97034,-1211,6002830,674023,29.5379,0.0,614.2679149599999,-3.75267102,57.32702650000001,667.8422704399999,990.8300910206327,10980.949644,-36.68114339217495,1062.50091,12006.769410607825,17813.590056434015,0.4323825228832694,High
2025-08-09,98711,-1984,5999173,670571,27.4884,0.0101,624.88406284,-6.14805888,57.292102150000005,676.02810611,1008.1379989740086,11170.729026,-60.09528364168052,1061.853621,12172.487363358321,18152.421389171795,1.3050510681740424,Low
2025-08-10,97522,-1678,5980180,660593,26.397,0.1028,617.35716968,-5.19981996,57.11071900000001,669.26806872,1013.1322443925383,11036.174652,-50.826555418719714,1058.49186,12043.83995658128,18231.86130731219,0.354772938007139,High
2025-08-11,96533,-1219,5989484,695326,26.9912,0.0045,611.09636452,-3.77746158,57.199572200000006,664.51847514,955.6934087607827,10924.253478,-36.9234630842785,1060.138668,11947.468682915722,17182.542696398123,0.4676851441453708,High
2025-08-12,95789,-684,5997016,734880,24.9919,0.1118,606.3865171599999,-2.11959288,57.27150280000001,661.5384270799999,900.1992530481166,10840.057974,-20.718333674853568,1061.471832,11880.811472325146,16167.008861753138,0.7961870429631882,Medium
2025-08-13,95799,-675,6037397,750228,30.7494,0.0003,606.4498215599999,-2.0917035,57.65714135,662.0152594099999,882.4187572444641,10841.189634,-20.445724021237073,1068.619269,11889.363178978763,15847.666548007757,0.3749109122954339,High
2025-08-14,97417,-959,6031680,774715,32.4046,0.0,616.69247348,-2.9717683800000003,57.60254400000001,671.3232491,866.542211135708,11024.292222,-29.048073090913114,1067.60736,12062.851508909087,15570.6956866836,0.759700616839583,Medium
2025-08-15,99281,-1232,6009797,784698,32.7087,0.0,628.49241364,-3.8177462400000004,57.39356135,682.06822875,869.2111216671891,11235.233646,-37.31723258394677,1063.734069,12261.650482416055,15625.948431646386,1.0719914475569772,Low
2025-08-16,97876,-942,5996509,783901,33.2122,0.0,619.5981454399999,-2.91908844,57.26666095,673.9457179499999,859.7332034912571,11076.235416,-28.53314374519307,1061.382093,12109.084365254806,15447.211274452777,0.5968315076448207,Medium
2025-08-17,97930,-1240,5971728,787355,32.5016,0.0,619.9399891999999,-3.8425368000000004,57.03000240000001,673.1274548,854.9224362581047,11082.34638,-37.55955227605032,1056.995856,12101.78268372395,15370.173154071479,0.6391233179625796,Medium
2025-08-18,97877,-1767,6004639,762986,33.2765,0.0,619.60447588,-5.475614940000001,57.34430245,671.47316339,880.059612351996,11076.348582,-53.52236199337171,1062.821103,12085.64732300663,15839.933266149877,1.1858927548367932,Low
2025-08-19,96908,-1459,5988626,727502,32.8043,0.0,613.47027952,-4.52117838,57.191378300000004,666.1404794399999,915.6544991491431,10966.690728,-44.193053847385016,1059.986802,11982.484476152615,16470.723759044806,0.4321759331150723,High
2025-08-20,97076,-1334,5964954,732114,32.4053,0.0,614.53379344,-4.133825880000001,56.9653107,667.36527826,911.5592356654838,10985.702616,-40.406808658267046,1055.796858,12001.092665341734,16392.382423149582,0.3731560708099606,High
2025-08-21,96454,-1290,6014491,731666,32.4653,0.0,610.59625976,-3.9974778000000004,57.438389050000005,664.03717101,907.5687144270746,10915.313364,-39.074050351697515,1064.564907,11940.804220648302,16320.020638718079,0.5249439688166603,Medium
2025-08-22,96452,-958,6002610,779950,32.1787,0.0,610.58359888,-2.96866956,57.324925500000006,664.9398548199999,852.5416434643246,10915.087032,-29.017783129400172,1062.46197,11948.5312188706,15319.611794179884,0.7388110371645492,Medium
2025-08-23,97171,-1231,5998155,786430,34.5569,0.0,615.13518524,-3.8146474200000005,57.28238025000001,668.60291807,850.1747365563368,10996.453386,-37.28694262243383,1061.673435,12020.839878377566,15285.327210784899,0.4623167559850591,High
2025-08-24,98523,-1523,5972074,786861,33.5399,0.0,623.69394012,-4.71950286,57.033306700000004,676.00774396,859.119646239933,11149.453818,-46.13161138421343,1057.057098,12160.379304615786,15454.291551640996,0.7945271078592137,Medium
2025-08-25,98999,-1362,6032473,787949,33.2271,0.0,626.70722956,-4.22059284,57.61011715000001,680.0967538699999,863.1228085447153,11203.320834,-41.25492758062947,1067.747721,12229.813627419371,15521.072591524795,0.7923701054617442,Medium
2025-08-26,99089,-1554,6037633,787156,32.4684,0.0014,627.27696916,-4.8155662800000005,57.65939515000001,680.1207980300001,864.02288495546,11213.505774,-47.07060019111468,1068.661041,12235.096214808884,15543.419874597772,0.4093968792295705,High
2025-08-27,99623,-1873,6024429,791406,30.446,0.0,630.65742412,-5.80408986,57.53329695,682.38663121,862.2459663055373,11273.936418,-56.733097913743755,1066.323933,12283.527253086255,15521.144966156757,0.5455153497741653,Medium
2025-08-28,99423,-1934,6041086,784128,29.4979,0.0,629.39133612,-5.99311788,57.692371300000005,681.09058954,868.5961852401648,11251.303218,-58.58078556603333,1069.272222,12261.994654433965,15637.746202704107,0.4384788226165575,High
2025-08-29,99891,-2239,6041421,766264,33.2282,0.0,632.35398204,-6.93825798,57.69557055000001,683.11129461,891.4829544517295,11304.264906,-67.8192238274812,1069.331517,12305.77719917252,16059.448439666381,0.5431335672154417,Medium
2025-08-30,98013,-2245,5951722,618564,33.5821,0.0,620.4654157199999,-6.9568509,56.838945100000004,670.34750992,1083.7156865255656,11091.739158,-68.00096359655885,1053.454794,12077.192988403442,19524.564941385925,0.13704930449389832,High
2025-08-31,97908,-2516,5883307,535246,30.3889,0.0021,619.80071952,-7.79663112,56.18558185,668.18967025,1248.37863384313,11079.856728,-76.20954316656662,1041.345339,12044.992523833433,22503.657241405697,0.2567469260671856,High
2025-09-01,97395,-2632,5893850,529103,29.5716,0.0003,616.5532038,-8.15609424,56.28626750000001,664.68337706,1256.2457159759063,11021.80257,-79.72317870206811,1043.21145,11985.290841297932,22652.093904774556,0.346559735773184,High
2025-09-02,96682,-2589,5851881,526246,28.3966,0.0142,612.0396000799999,-8.02284498,55.885463550000004,659.90221865,1253.9804932484046,10941.115212,-78.42071035701153,1035.782937,11898.477438642989,22610.105233375623,0.27125141564626465,High
2025-09-03,96472,-2607,5857698,526779,28.3669,0.0,610.7102076799999,-8.07862374,55.941015900000004,658.57259984,1250.1876495456347,10917.350352,-78.96592966424451,1036.812546,11875.196968335757,22543.034115512874,0.2338498684751791,High
2025-09-04,95325,-2297,5860988,528094,29.383,0.0,603.449193,-7.11798954,55.97243540000001,652.30363886,1235.2036547660075,10787.54895,-69.57604159523194,1037.394876,11755.367784404769,22259.991184154274,0.6142729253260654,Medium
2025-09-05,95768,-2328,5872758,526967,29.3852,0.001,606.25357792,-7.21405296,56.08483890000001,655.12436386,1243.1980823467125,10837.681488,-70.51503040213319,1039.478166,11806.644623597867,22404.90319810893,0.27981617510731666,High
2025-09-06,95480,-2209,5850064,570009,30.4805,0.0,604.4304112,-6.845293380000001,55.8681112,653.45322902,1146.3910728076223,10805.08968,-66.91052498209287,1035.461328,11773.640483017905,20655.183484853584,0.2379194385832144,High
2025-09-07,95770,-490,5893697,690083,31.6674,0.0,606.2662388,-1.5184218,56.284806350000004,661.03262335,957.9030686888389,10837.90782,-14.842081141342467,1043.184369,11866.25010785866,17195.395492801097,1.4723892433739378,Low
2025-09-08,95452,-1336,6001975,747181,29.436,0.0,604.25315888,-4.14002352,57.318861250000005,657.43199661,879.8831830707687,10801.921032,-40.46738858129293,1062.349575,11823.803218418707,15824.550167119756,1.274338886001905,Low
2025-09-09,97894,-1958,6003135,745480,24.2721,0.0306,619.71209336,-6.06748956,57.32993925000001,670.9745430500001,900.0570679964587,11078.272404,-59.307744642343984,1062.554895,12081.519554357656,16206.363087349971,1.4623652314224007,Low
2025-09-10,97790,-1583,6037987,745143,26.103,0.0,619.0537275999999,-4.905432060000001,57.66277585,671.8110713899999,901.5867711164166,11066.50314,-47.94900907499005,1068.723699,12087.277829925011,16221.420358139325,0.7057836762201918,Medium
2025-09-11,96393,-1625,6041409,749445,27.2332,0.0028,610.2101029199999,-5.0355825,57.69545595,662.8699763699999,884.4811512118966,10908.410238,-49.22118745853369,1069.329393,11928.518443541467,15916.469445444916,0.564897364471376,Medium
2025-09-12,100142,-2006,6063507,751330,27.4763,0.001,633.94292248,-6.2162329199999995,57.90649185,685.6331814099999,912.5593033820023,11332.669572,-60.76166279496528,1073.240739,12345.148648205037,16431.060450407993,1.326762453851818,Low
2025-09-13,100087,-1952,6066899,745987,27.3736,0.0371,633.59474828,-6.048896640000001,57.93888545,685.4847370900001,918.8963575638718,11326.445442,-59.12600487326632,1073.841123,12341.160560126735,16543.398960205384,0.362541303803752,High
2025-09-14,97962,-1695,6029878,747946,26.9647,0.001,620.14256328,-5.2524999,57.58533490000001,672.47539828,899.0961891366491,11085.967692,-51.341484764439755,1067.288406,12101.91461323556,16180.198320781927,0.3906900729301934,High
2025-09-15,98516,-1673,6057715,759473,29.3503,0.0003,623.6496270399999,-5.18432586,57.85117825000001,676.31647943,890.5076012313801,11148.661656,-50.675105611155,1072.215555,12170.202105388846,16024.535573205163,0.5181768995252045,Medium
2025-09-16,100239,-1682,6097578,764030,31.5135,0.0,634.55697516,-5.21221524,58.23186990000001,687.57662982,899.9340730337815,11343.646674,-50.94771526477149,1079.271306,12371.970264735228,16193.042504528916,0.6497008512979837,Medium
2025-09-17,100999,-1968,6049098,768442,30.4715,0.0052,639.36810956,-6.098477760000001,57.76888590000001,691.0385176999999,899.2721867102526,11429.652834,-59.61064425747342,1070.690346,12440.732535742527,16189.553064177293,0.8444240288257895,Medium
2025-09-18,100791,-1764,6013179,768095,25.0993,0.0,638.0513780399999,-5.466318480000001,57.425859450000004,690.0109190099998,898.3405946009281,11406.114306,-53.43149210883288,1064.332683,12417.015496891167,16165.989229055216,0.4266986217443529,High
2025-09-19,100508,-1476,5981881,748152,25.4902,0.0,636.25986352,-4.57385832,57.126963550000006,688.81296875,920.6858616297224,11374.088328,-44.707983193105065,1058.792937,12388.173281806894,16558.3641850946,0.4226576280912351,High
2025-09-20,99445,-1104,5997868,719483,25.8907,0.0059,629.5306058,-3.42109728,57.27963940000001,683.3891479199999,949.8336276465184,11253.79287,-33.440117510289966,1061.622636,12281.975388489709,17070.556758797233,0.39739573880876167,High
2025-09-21,97861,-1405,5964517,730889,23.5763,0.0,619.5031888399999,-4.3538421000000005,56.96113735,672.11048409,919.5794218958009,11074.537926,-42.55739592568605,1055.719509,12087.700039074316,16538.352662407447,1.0427734520338696,Low
2025-09-22,99733,-1299,5999362,767500,24.1007,0.0,631.35377252,-4.02536718,57.2939071,684.62231244,892.0160422671009,11286.384678,-39.34666000531401,1061.887074,12308.925091994686,16037.687416279721,0.3194194765420228,High
2025-09-23,100016,-1553,6004399,756920,25.1256,0.0,633.14528704,-4.81246746,57.342010450000004,685.67483003,905.8749009538657,11318.410656,-47.04031022960174,1062.778623,12334.148968770398,16295.181748098077,0.3789005294979648,High
2025-09-24,98721,-1349,5989191,755131,26.3814,0.0038,624.9473672400001,-4.18030818,57.19677405,677.9638331100001,897.8095629897331,11171.860686,-40.8611580809612,1060.086807,12191.086334919039,16144.333016283319,0.5014622561329709,Medium
2025-09-25,98667,-1043,5993270,720932,27.3836,0.0021,624.60552348,-3.2320692600000003,57.23572850000001,678.60918272,941.2943005997793,11165.749722,-31.592429858000393,1060.80879,12194.966082142,16915.55664354197,0.2699797795590979,High
2025-09-26,98003,-859,5975766,714754,26.2669,0.0,620.4021113199999,-2.6618863800000003,57.0685653,674.8087902399999,944.113345626607,11090.607498,-26.01907693961873,1057.710582,12122.29900306038,16960.09956301102,0.06361981925877175,High
2025-09-27,98047,-1236,5959229,722448,25.6356,0.0,620.68065068,-3.83014152,56.910636950000004,673.76114611,932.6085006948597,11095.586802,-37.438392429998544,1054.783533,12112.931942570001,16766.51045136813,0.7290834311994291,Medium
2025-09-28,99379,-1686,5972386,724917,26.034,0.0,629.11279676,-5.224610520000001,57.03628630000001,680.92447254,939.3137042447618,11246.323914,-51.068875110823264,1057.112322,12252.367360889177,16901.752008697793,1.145102962577054,Low
2025-09-29,100232,-1594,5973702,735120,24.2436,0.0,634.5126620799999,-4.93951908,57.0488541,686.6219970999999,934.0270936717814,11342.854512,-48.282198651632434,1057.345254,12351.917567348368,16802.58674413479,0.16573077346262066,High
2025-09-30,97214,-1374,5956106,747466,23.6036,0.0,615.40739416,-4.25777868,56.8808123,668.03042778,893.7268421306119,11001.319524,-41.618407118784795,1054.230762,12013.931878881214,16072.88074491845,0.481656204906941,High
2025-10-01,98656,-1238,5943387,752017,25.205,0.0,624.5358886399999,-3.83633916,56.75934585,677.45889533,900.8558255066043,11164.504896,-37.498972353024435,1051.979499,12178.985422646976,16195.093226146451,0.39692187005074636,High
2025-10-02,97947,-1384,5951897,735911,24.5188,0.0,620.04760668,-4.28876688,56.840616350000005,672.5994561499999,913.9684773702254,11084.270202,-41.921306733914236,1053.485769,12095.834664266084,16436.54553915634,0.5156665791659827,Medium
2025-10-03,97716,-976,5967606,715421,21.6886,0.0132,618.5852750399999,-3.0244483200000003,56.9906373,672.5514640199999,940.0778898299042,11058.128856,-29.56300243663316,1056.266262,12084.832115563368,16891.91694898999,0.4224561919102195,High
2025-10-04,98284,-836,5979518,721443,24.5795,0.0069,622.1809649599999,-2.5906135200000002,57.104396900000005,676.6947483399998,937.973960992067,11122.407144,-25.322407824821024,1058.374686,12155.45942217518,16848.81469800827,0.29836301443264923,High
2025-10-05,99146,-1072,5970045,689476,24.5707,0.0024,627.63780424,-3.32193504,57.01392975000001,681.32979895,988.1849389246327,11219.956236,-32.47083874187577,1056.697965,12244.183362258123,17758.67958022922,0.4746139352158833,High
2025-10-06,98464,-1249,5970797,658114,22.9489,0.0049,623.32044416,-3.8704261800000004,57.02111135,676.4711293299999,1027.8935402225145,11142.777024,-37.83216192966682,1056.831069,12161.775931070333,18479.740487317293,0.5870366714315851,Medium
2025-10-07,98303,-1143,5944611,661983,24.0872,0.0038,622.3012433199999,-3.5419512600000003,56.77103505,675.5303271099999,1020.4647658776735,11124.557298,-34.62142600929478,1052.196147,12142.132018990706,18342.060172226033,0.1741980573307943,High
2025-10-08,98237,-1057,5936795,665144,25.3199,0.0003,621.88343428,-3.2754527400000004,56.69639225000001,675.30437379,1015.2754498123714,11117.088342,-32.01648931918161,1050.812715,12135.884567680818,18245.49957254492,0.1909370601942956,High
2025-10-09,97897,-1368,5930525,661512,23.4864,0.0017,619.73108468,-4.23918576,56.636513750000006,672.12841267,1016.0487076122579,11078.611902,-41.436667349707136,1049.702925,12086.878159650292,18271.593198083014,0.615461083501064,Medium
2025-10-10,98615,-1599,5933560,664287,23.7129,0.0003,624.2763405999999,-4.955013180000001,56.66549800000001,675.9868254199998,1017.6126063282886,11159.86509,-48.43364845919715,1050.24012,12161.671561540803,18307.85723872483,0.6689933901187434,Medium
2025-10-11,99849,-1848,5938994,665309,25.7037,0.0,632.0881035599999,-5.72661936,56.717392700000005,683.0788769,1026.7092086534226,11299.511934,-55.975848875920164,1051.201938,12294.73802312408,18479.741027288193,0.9191112347456913,Medium
2025-10-12,98847,-1305,5925854,658777,24.0045,0.0,625.74500268,-4.0439601000000005,56.591905700000005,678.2929482799999,1029.6245137277103,11186.119602,-39.52839977439167,1048.876158,12195.467360225608,18512.284673304635,0.39442364458108786,High
2025-10-13,96045,-884,5912471,655979,21.8885,0.0,608.0071098,-2.7393568800000003,56.464098050000004,661.73185097,1008.7698706361027,10869.02847,-26.776325977442326,1046.507367,11888.759511022557,18123.68918977979,0.41495383706404204,High
2025-10-14,93878,1605,5840178,653994,21.4123,0.051,594.2890463199999,4.9736061000000005,55.773699900000004,655.0363523199999,1001.5938255091024,10623.797748,48.61538822827482,1033.711506,11706.124642228275,17899.437368275972,1.2020729326023238,Low
2025-10-15,77774,7883,5321178,672720,23.4476,0.0,492.3436405599999,24.427998060000004,50.81724990000001,567.58888852,843.7223339873944,8801.372484,238.77576660653605,941.848506,9981.996756606535,14838.263700509178,4.794605456082446,Low
2025-10-16,68391,9496,4926102,734430,22.9876,0.0495,432.94512203999994,29.42639472,47.0442741,509.41579085999996,693.6206185204852,7739.535906,287.6334745269144,871.920054,8899.089434526913,12117.001531156016,2.101424076632727,Low
2025-10-17,67845,11075,4713505,704931,23.3112,0.0003,429.48870179999994,34.3194315,45.01397275,508.82210604999995,721.8041284182423,7677.74727,335.4613237558527,834.290385,8847.498978755852,12550.872324746468,0.6331581014565087,Medium
2025-10-18,65308,12555,4576966,567358,22.2004,0.0062,413.42837552,38.9056851,43.710025300000005,496.04408591999993,874.3052639074446,7390.645128,380.29046679500954,810.122982,8581.05857679501,15124.592544381168,0.3216764056441593,High
2025-10-19,63343,12388,4463136,506465,20.6716,0.0021,400.98906091999993,38.38818216000001,42.6229488,482.00019187999993,951.6949678260096,7168.273938,375.2320432223479,789.975072,8333.481053222347,16454.20918172499,0.4098224121227205,High
2025-10-20,63812,12098,4423469,509582,18.6041,0.0038,403.95803728,37.48952436,42.244128950000004,483.69169059,949.193045653104,7221.348792,366.4479543835942,782.954013,8370.750759383594,16426.70023545493,0.7055663811000863,Medium
2025-10-21,66760,11123,4424972,515055,17.1098,0.0038,422.6201744,34.46817486,42.2584826,499.34683185999995,969.5019597130403,7554.96216,336.91524190847394,783.220044,8675.097445908474,16843.050637132877,1.555397242020035,Low
2025-10-22,65758,9845,4377128,507229,17.8952,0.0212,416.27707352,30.507882900000002,41.801572400000005,488.58652882,963.2464406017795,7441.569828,298.20467109493177,774.751656,8514.52615509493,16786.355186897694,0.8889837751225512,Medium
2025-10-23,65801,8775,4321942,516982,18.8352,0.0031,416.54928244,27.1921455,41.2745461,485.01597404,938.1680097953121,7446.435966,265.7944122760819,764.983734,8477.214112276082,16397.503418447996,0.9275797122240492,Medium
2025-10-24,66453,8733,4310744,523319,18.851,0.0514,420.67672932,27.06199506,41.167605200000004,488.90632958000003,934.2415039010623,7520.220198,264.5222338925383,763.001688,8547.744119892539,16333.71637546609,0.5628207420891109,Medium
2025-10-25,66356,8332,4328660,523617,20.1626,0.0,420.06267664,25.819368240000003,41.338703,487.22074788000003,930.4906981247746,7509.243096,252.37595932584784,766.17282,8527.79187532585,16286.315905186137,0.749448661018025,Medium
2025-10-26,66395,8443,4296205,556110,18.5561,0.0014,420.3095638,26.163337260000002,41.02875775,487.50165881,876.6281110032188,7513.65657,255.7381450537846,760.428285,8529.823000053784,15338.373703141076,0.3234415130575479,High
2025-10-27,66980,8989,4319924,618124,16.2504,0.0,424.0128712,27.85529298,41.2552742,493.12343838000004,797.774295092894,7579.85868,272.27646403985193,764.626548,8616.761692039852,13940.18302482973,0.34766818316145437,High
2025-10-28,69052,8016,4357370,619680,14.1417,0.0,437.12954288,24.840141120000002,41.6128835,503.5825675,812.6493795184612,7814.338632,242.8043314877576,771.25449,8828.397453487758,14246.703868912598,1.669683682892751,Low
2025-10-29,69368,7729,4338799,593821,15.0433,0.0,439.12996191999997,23.95077978,41.43553045,504.51627214999996,849.6100207806729,7850.099088,234.1111125335427,767.967423,8852.177623533542,14907.148153287848,0.7127465542573893,Medium
2025-10-30,66719,8048,4331344,591556,16.8911,0.0,422.36062635999997,24.939303360000004,41.364335200000006,488.66426492,826.0659429031233,7550.322354,243.7736102561718,766.647888,8560.743852256172,14471.569643881849,0.4657444523803737,High
2025-10-31,65477,8248,4306790,587461,17.9274,0.0,414.49821988,25.559067360000004,41.1298445,481.18713174000004,819.0963004182406,7409.770182,249.83160255876055,762.30183,8421.903614558762,14336.106762080823,0.14411279044335412,High
2025-11-01,65540,8368,4285640,597612,18.5459,0.0,414.8970376,25.93092576,40.927862,481.75582535999996,806.1347920724482,7416.89964,253.46639794031378,758.55828,8428.924317940313,14104.342479636141,0.3045804254285835,High
2025-11-02,65039,8148,4281929,626856,16.4379,0.0,411.72548715999994,25.249185360000002,40.892421950000006,477.86709447,762.3235551227076,7360.203474,246.8026064074662,757.901433,8364.907513407466,13344.225010859698,0.3420417153745569,High
2025-11-03,66495,7505,4305338,636783,13.3073,0.0,420.94260779999996,23.256644100000003,41.115977900000004,485.3152298,762.1359706524829,7524.97317,227.3261611546433,762.044826,8514.344157154643,13370.872270702332,1.2910646189737889,Low
2025-11-04,66098,7041,4304403,637585,16.1777,0.0,418.42942311999997,21.818791620000002,41.10704865,481.35526339,754.9664176384325,7480.046268,213.2716190126374,761.879331,8455.197218012638,13261.286288122585,0.704493522171047,Medium
2025-11-05,65886,7011,4297248,636091,17.6627,0.0,417.08736983999995,21.72582702,41.03871840000001,479.85191525999994,754.3762060145481,7456.055076,212.36292016724906,760.612896,8429.03089216725,13251.297207737965,0.36898984777965516,High
2025-11-06,68151,7012,4332998,638155,18.9901,0.0,431.42581644,21.72892584,41.380130900000005,494.53487318,774.9447597840649,7712.376066,212.393210128762,766.940646,8691.70992212876,13620.06083495195,0.8237655371555358,Medium
2025-11-07,67191,7062,4328912,635627,18.5887,0.0,425.34859403999997,21.88386684,41.3411096,488.57357047999994,768.6482331304366,7603.736706,213.90770820440918,766.217424,8583.86183820441,13504.55823651986,0.21112577756322307,High
2025-11-08,67385,7028,4302685,636158,18.4373,0.0116,426.5766994,21.77850696,41.09064175,489.44584811000004,769.3778088305107,7625.69091,212.8778495129691,761.575245,8600.14400451297,13518.880536773837,0.3691017187098848,High
2025-11-09,67095,8188,4273403,639279,17.7749,0.0481,424.7408718,25.37313816,40.81099865000001,490.92500860999996,767.9354532371624,7592.87277,248.01420486798392,756.392331,8597.279305867984,13448.399377842825,0.9186826141574866,Medium
2025-11-10,66882,10438,4234703,639387,15.8753,0.0,423.39248807999996,32.34548316,40.44141365000001,496.17938489,776.0235739700681,7568.768412,316.1666182721075,749.542431,8634.477461272108,13504.305625970042,1.8431991368334497,Low
2025-11-11,68383,11428,4182284,636679,14.6341,0.0,432.89447852,35.41331496,39.9408122,508.24860567999997,798.2807752101137,7738.630578,346.15368016992187,740.264268,8825.048526169923,13861.064250854706,1.2802828371424428,Low
2025-11-12,67439,11185,4188507,641421,15.7793,0.0,426.91854315999996,34.660301700000005,40.00024185,501.57908670999996,781.981080616319,7631.801874,338.7932195222765,741.365739,8711.960832522276,13582.28189055593,0.4242217646944515,High
2025-11-13,67968,10528,4208540,647872,17.8327,0.0,430.26734591999997,32.62437696,40.191557,503.08327987999996,776.516472204386,7691.666688,318.89271480827244,744.91158,8755.470982808272,13514.198765818359,0.8607408243217712,Medium
2025-11-14,68395,9958,4217924,646813,17.1452,0.0,432.97044379999994,30.85804956,40.2811742,504.10966755999993,779.3746686600299,7739.98857,301.62743674589444,746.572548,8788.188554745895,13586.90773801067,0.8113691800309702,Medium
2025-11-15,68410,8498,4227432,649280,15.4197,0.0,433.0654004,26.333772360000005,40.3719756,499.77114836,769.7313152414982,7741.68606,257.4040929369965,748.255464,8747.345616936997,13472.37804481425,1.228656371569811,Low
2025-11-16,68290,7741,4184988,648857,17.1743,0.0,432.30574759999996,23.98796562,39.96663540000001,496.26034862,764.8223701370256,7728.10614,234.47459207169803,740.742876,8703.323608071698,13413.315427084392,0.8101122129199042,Medium
2025-11-17,67547,8217,4153529,648534,13.6363,0.0,427.60223067999993,25.46300394,39.66620195,492.73143656999997,759.7619192979859,7644.023802,248.89261375185927,735.174633,8628.09104875186,13303.991847384808,0.24126784231604104,High
2025-11-18,67244,8378,4174150,649956,8.2881,0.0,425.6841073599999,25.96191396,39.8631325,491.50915381999994,756.2191191711438,7609.734504,253.76929755544322,738.82455,8602.328351555443,13235.24723451348,0.20459275008019906,High
2025-11-19,67659,8182,4145488,647512,9.6922,0.0,428.31123995999997,25.354545240000004,39.589410400000006,493.2551956,761.7699681241428,7656.698394,247.83246509890625,733.751376,8638.282235098906,13340.72918355012,0.4745451563264373,High
2025-11-20,67005,8840,4115623,646542,12.9163,0.0,424.1711322,27.3935688,39.30419965000001,490.86890065,759.2219850373216,7582.68783,267.76325977442326,728.465271,8578.916360774423,13268.923535941087,0.5067784099755837,Medium
2025-11-21,67551,9201,4115319,644835,13.5987,0.0,427.62755244,28.51224282,39.30129645,495.44109170999997,768.3222711391286,7644.476466,278.697935880596,728.411463,8651.585864880595,13416.743608644992,0.49663370169600113,High
2025-11-22,66753,9064,4124716,647252,14.6999,0.0,422.57586132,28.08770448,39.39103780000001,490.0546036,757.1310766131276,7554.169998,274.5482111533227,730.074732,8558.792941153322,13223.277705056644,0.23080869967519468,High
2025-11-23,66277,8220,4126118,647367,15.1661,0.0,419.56257188,25.4723004,39.404426900000004,484.43929918000003,748.3225113112037,7500.302982,248.98348363639812,730.322886,8479.609351636398,13098.612304359658,0.6892253506994058,Medium
2025-11-24,66436,7549,4094324,639794,17.0691,0.0,420.56911183999995,23.39299218,39.1007942,483.06289821999997,755.028803364833,7518.296376,228.6589194612128,724.695348,8471.650643461213,13241.216146855415,0.5780545218089256,Medium
2025-11-25,66257,7712,4122839,633872,14.3434,0.0,419.43596307999996,23.89809984,39.37311245,482.70717536999996,761.5215301669737,7498.039662,233.59618318782267,729.742503,8461.378348187824,13348.71764045079,0.35328247393258,High
2025-11-26,66482,7387,4091009,635956,12.4482,0.0,420.86031207999997,22.89098334,39.06913595,482.82043136999994,759.2041452081589,7523.502012,223.7519456961159,724.108593,8471.362550696116,13320.673994263938,0.5619208680580373,Medium
2025-11-27,68330,7039,4095488,636950,12.5238,0.0,432.5589652,21.81259398,39.111910400000006,493.48346957999996,774.7601374990187,7732.63278,213.21103908961146,724.901376,8670.745195089612,13612.913407786502,0.6531810134942223,Medium
2025-11-28,69322,7364,4102865,641416,10.5668,0.0,438.83876167999995,22.81971048,39.18236075,500.84083290999996,780.8362013264402,7844.893452,223.05527658131822,726.207105,8794.155833581319,13710.533933642624,0.40736687612810846,High
2025-11-29,68984,7559,4048771,620148,12.3282,0.0,436.69907295999997,23.423980380000003,38.66576305,498.78881638999997,804.3060953030566,7806.643344,228.96181907634227,716.632467,8752.237630076343,14113.14336267527,0.443940685934708,High
2025-11-30,67732,7429,3997107,628713,18.2319,0.0,428.77336207999997,23.02113378,38.172371850000005,489.96686771,779.3172205919076,7664.959512,225.02412407965954,707.487939,8597.47157507966,13674.71576868883,0.2656555582260754,High
2025-12-01,67532,7596,4014852,685614,16.2737,0.0,427.50727408,23.538636720000003,38.3418366,489.3877474,713.7948574562364,7642.326312,230.08254765232118,710.628804,8583.037663652321,12518.760794925895,0.08705438508960844,High
2025-12-02,66618,7809,4012786,701874,9.8851,0.0,421.72125191999993,24.198685380000004,38.3221063,484.2420436,689.9273140193253,7538.892588,236.53430945457822,710.263122,8485.690019454578,12090.047529121433,0.2728103765408056,High
2025-12-03,66632,7767,4069918,710645,4.1499,0.0,421.80987808,24.068534940000003,38.867716900000005,484.74612992,682.1213544315376,7540.476912,235.2621310710346,720.375486,8496.114529071036,11955.497511515645,0.7297547508707142,Medium
2025-12-04,69060,6456,4089763,720326,4.3841,0.0,437.18018639999997,20.005981920000004,39.05723665000001,496.24340497,688.9150259327026,7815.24396,195.55199152756524,723.888051,8734.684002527565,12126.015168864604,1.5281768420248092,Low
2025-12-05,68832,5629,4083936,719288,6.2342,0.0,435.73684607999996,17.44325778,39.00158880000001,492.18169265999995,684.262343678749,7789.442112,170.5021933563607,722.856672,8682.80097735636,12071.383058463873,0.7603440682967033,Medium
2025-12-06,68866,5756,4066409,715444,8.1823,0.0,435.95208103999994,17.836807920000002,38.834205950000005,492.62309490999996,688.5557708360122,7793.289756,174.34901846850457,719.754393,8687.393167468505,12142.65989716666,0.35415282218120714,High
2025-12-07,68198,5751,4138818,710780,13.479,0.0,431.72334711999997,17.82131382,39.525711900000005,489.07037284,688.075597006106,7717.694868,174.19756866093985,732.570786,8624.46322266094,12133.801208054445,0.7836886454337666,Medium
2025-12-08,68951,5918,4183034,704839,11.8278,0.0,436.49016844,18.33881676,39.9479747,494.77695989999995,701.9715990460232,7802.908866,179.2559922336015,740.397018,8722.561876233602,12375.254315146583,0.8429214418538825,Medium
2025-12-09,71037,5406,4223179,713776,8.3784,0.0,449.69546627999995,16.752220920000003,40.33135945,506.77904664999994,709.9973193971217,8038.973142,163.74753193897422,747.502683,8950.223356938975,12539.26071616162,1.4773446069659346,Low
2025-12-10,70295,5163,4249309,715136,10.8956,0.0,444.9982798,15.99920766,40.58090095,501.57838841,701.3748271797253,7955.00397,156.38707129132888,752.127693,8863.518734291329,12394.172205414534,0.6867002763168037,Medium
2025-12-11,70571,5500,4212813,720358,14.0405,0.0,446.74548123999995,17.04351,40.23236415000001,504.02135539,699.68176294287,7986.237786,166.59478832119095,745.667901,8898.50047532119,12352.886308364994,0.5747482003631519,Medium
2025-12-12,71304,6117,4275164,721864,7.3756,0.0101,451.38569376,18.955481940000002,40.8278162,511.16899190000004,708.1236796681924,8069.188464,185.2836945746773,756.704028,9011.176186574678,12483.204851017197,1.17045868566134,Low
2025-12-13,70834,5465,4232434,721162,9.4158,0.0128,448.41038696,16.9350513,40.4197447,505.76518296,701.3197907820988,8016.000444,165.53463966823793,749.140818,8930.675901668239,12383.730564933037,0.8437685550972517,Medium
2025-12-14,70820,6679,4260211,722465,7.856,0.0,448.32176079999994,20.69701878,40.685015050000004,509.70379462999995,705.5065568989501,8014.41612,202.3066529449517,754.057347,8970.780119944951,12416.906175309465,1.161816790791212,Low
2025-12-15,70794,7297,4280579,714066,8.107,0.0,448.15716935999995,22.612089540000003,40.87952945,511.64878834999996,716.5287079205563,8011.473804,221.02584915995098,757.662483,8990.162136159952,12590.099705293282,0.911798200074399,Medium
2025-12-16,71183,7379,4289062,711414,10.3459,0.0,450.61971051999996,22.866192780000002,40.960542100000005,514.4464454,723.1323046777263,8055.495378,223.50962600401238,759.163974,9038.16897800401,12704.513796472955,0.41876718256609385,High
2025-12-17,70850,7720,4332728,714805,12.4807,0.0,448.511674,23.922890400000004,41.377552400000006,513.8121168,718.8143854617693,8017.8111,233.8385028799262,766.892856,9018.542458879927,12616.787038255086,0.6018882275725375,Medium
2025-12-18,70866,8122,4353779,714850,10.8124,0.0,448.61296103999996,25.168616040000003,41.57858945,515.36016653,720.9346947331609,8019.621756,246.01506740812962,770.618883,9036.255706408128,12640.77177926576,0.4861516083450841,High
2025-12-19,71512,8477,4396263,711607,14.4285,0.0,452.70242527999994,26.26869714,41.98431165000001,520.9554340699999,732.083065610653,8092.726992,256.7680037452247,778.138551,9127.633546745225,12826.789993276097,0.629222514126012,Medium
2025-12-20,71559,8612,4373065,713690,17.9913,0.0,452.99995595999997,26.68703784,41.76277075,521.4497645499999,730.639023315445,8098.045794,260.8571485494721,774.032505,9132.935447549471,12796.782142876418,0.08640693671583065,High
2025-12-21,71903,8650,4446660,712491,8.0953,0.0,455.17762732,26.804793,42.465603,524.4480233200001,736.0766989618115,8136.974898,262.00816708696397,787.05882,9186.041885086965,12892.85322212767,0.9100828072097903,Medium
2025-12-22,72760,8362,4482768,714498,7.0582,0.0,460.6028144,25.91233284,42.810434400000005,529.32558164,740.835637944403,8233.95816,253.28465817123612,793.449936,9280.692754171236,12989.10949249856,1.001200951664488,Low
2025-12-23,71855,8072,4539051,715060,11.2204,0.0,454.8737662,25.013675040000003,43.347937050000006,523.23537829,731.736327427069,8131.54293,244.50056933248243,803.412027,9179.455526332482,12837.322079731046,0.8561023834494925,Medium
2025-12-24,72317,9333,4552717,703233,10.7343,0.0295,457.79842948,28.92128706,43.47844735,530.1981638899999,753.9438050973147,8183.825622,282.6962108003046,805.830909,9272.352741800305,13185.320856388003,1.1870032902593477,Low
2025-12-25,71756,10032,4603926,681330,5.7509,0.0,454.24705264,31.08736224,43.9674933,529.30190818,776.8657011727064,8120.339496,303.8688938978523,814.894902,9239.103291897853,13560.394070271164,0.8009835674551399,Medium
2025-12-26,71654,9773,4742611,678288,-0.4451,0.0,453.60134776,30.284767860000002,45.291935050000006,529.17805067,780.1672013510484,8108.796564,296.0237938659999,839.442147,9244.262504866,13628.816232730049,1.403458661824167,Low
2025-12-27,70462,12627,4738641,673606,3.9904,0.0,446.05546327999997,39.12880014,45.254021550000004,530.43828497,787.4607485236177,7973.902692,382.47134402394147,838.739457,9195.11349302394,13650.581338384665,1.3305665220713303,Low
2025-12-28,70636,11950,4770970,672337,8.4079,0.0,447.15695983999996,37.030899,45.5627635,529.75062234,787.9242438539006,7993.593576,361.96504007967854,844.46169,9200.02030607968,13683.644223179268,1.2284114541082873,Low
2025-12-29,69521,13405,4927747,700846,12.8021,0.0,440.09851924,41.5396821,47.05998385,528.69818519,754.3714099673823,7867.413486,406.0369340810118,872.211219,9145.661639081012,13049.459708810513,1.7542186783637745,Low
2025-12-30,70987,11991,5079640,728985,8.5873,0.0,449.37894428,37.15795062000001,48.510562,535.0474569,733.9622309101011,8033.314842,363.2069285017092,899.09628,9295.61805050171,12751.453117007495,2.565752033672968,Low
2025-12-31,81310,8975,5323407,733390,3.7122,0.0,514.7280764,27.8119095,50.838536850000004,593.3785227499999,809.0900104310119,9201.52746,271.8524045786707,942.243039,10415.622903578671,14202.024712061346,6.263803629934718,Low
2026-01-01,90745,5893,5522978,729044,0.2618,0.0,574.4557778,18.261346260000003,52.7444399,645.4615639599999,885.3533723067468,10269.24867,178.49874319577788,977.567106,11425.31451919578,15671.639186655098,5.850369008924762,Low
2026-01-02,95392,4625,5658517,736409,-0.0161,0.0,603.87333248,14.3320425,54.03883735,672.24421233,912.8680017897661,10795.131072,140.0910719973651,1001.557509,11936.779652997366,16209.44292233985,3.2200745566807005,Low
2026-01-03,95823,1157,5676485,735175,2.6244,0.0,606.60175212,3.5853347400000004,54.210431750000005,664.39751861,903.7270290883123,10843.905618,35.04548547047599,1004.737845,11883.688948470477,16164.435608488422,2.794853300451513,Low
2026-01-04,95196,307,5657161,725592,8.4818,0.0,602.63256624,0.9513377400000002,54.02588755000001,657.6097915299999,906.3079410054135,10772.950536,9.299018184473749,1001.317497,11783.567051184475,16239.935185592558,1.0932160964274946,Low
2026-01-05,96187,575,5663423,732952,7.5346,0.0,608.90603228,1.7818215,54.085689650000006,664.77354343,906.9810075284604,10885.098042,17.41672786994269,1002.425871,11904.940640869941,16242.45604196447,0.5234894658381667,Medium
2026-01-06,96765,600,5650867,731507,6.1296,0.0,612.5650265999999,1.859292,53.965779850000004,668.3900984499999,913.7166130330944,10950.50799,18.173976907766285,1000.203459,11968.885425907767,16361.956106924154,0.4126758039373899,High
2026-01-07,96333,885,5645600,728208,8.6994,0.0,609.83027652,2.7424557000000003,53.91548000000001,666.48821222,915.244287648584,10901.620278,26.806615938955275,999.2712,11927.698093938954,16379.52081539746,0.07322669321288673,High
2026-01-08,95750,1397,5702072,728894,2.4804,0.0,606.13963,4.32905154,54.4547876,664.9234691400001,912.2361675908982,10835.6445,42.3150762335825,1009.266744,11887.226320233583,16308.580287714789,0.5550903690084159,Medium
2026-01-09,94915,1123,5692430,699493,5.296,0.0,600.8537125999999,3.4799748600000004,54.36270650000001,658.6963939599999,941.6768916343693,10741.15089,34.0156267790359,1007.56011,11782.726626779036,16844.666961326326,0.5572098799151021,Medium
2026-01-10,95989,881,5640821,662658,10.0412,0.0,607.65260516,2.73006042,53.869840550000006,664.25250613,1002.40622784302,10862.691174,26.685456092903493,998.425317,11887.801947092903,17939.57357655518,0.6038612450092995,Medium
2026-01-11,96254,729,5648917,664331,1.2188,0.0,609.33017176,2.25903978,53.947157350000005,665.53636889,1001.8144101208584,10892.680164,22.081381942936037,999.858309,11914.619854942935,17934.764228890323,0.416726455008989,High
2026-01-12,96398,612,5683972,665213,2.5493,0.0,610.24175512,1.8964778400000002,54.281932600000005,666.42016556,1001.8147053049173,10908.976068,18.53745644592161,1006.063044,11933.576568445922,17939.481892936434,0.6041275749177203,Medium
2026-01-13,94733,933,5689063,704342,8.456,0.0,599.70157252,2.89119906,54.330551650000004,656.9233232299999,932.6766304295355,10720.554678,28.260534091576577,1006.964151,11755.779363091577,16690.442090762128,0.4823734789924233,High
2026-01-14,99579,1193,5755031,778982,4.7746,0.0,630.37888476,3.6968922600000003,54.960546050000005,689.03632307,884.5343320769927,11268.957114,36.13592408494197,1018.640487,12323.733525084943,15820.305892928132,0.797978782706351,Medium
2026-01-15,97374,812,5784488,785339,15.6224,0.0,616.42026456,2.51624184,55.24186040000001,674.1783668,858.4552235404075,11019.426084,24.59544874851037,1023.854376,12067.87590874851,15366.454370340083,0.9917233209752135,Medium
2026-01-16,98181,450,5762617,785595,11.6351,0.0,621.52892964,1.394469,55.03299235,677.9563909899999,862.9846052864388,11110.751046,13.630482680824715,1019.983209,12144.364737680824,15458.811140194151,0.9331834883009318,Medium
2026-01-17,97722,242,5788226,783910,9.9956,0.0,618.6232576799999,0.7499144400000001,55.2775583,674.65073042,860.6226868135373,11058.807852,7.330170686132402,1024.516002,12090.654024686133,15423.523140011139,0.6350595646873977,Medium
2026-01-18,98830,326,5771758,786014,9.337,0.0,625.6373851999999,1.0102153200000001,55.120288900000006,681.76788942,867.373722885343,11184.19578,9.874527453219683,1021.601166,12215.67147345322,15541.289943249383,0.6227175387289716,Medium
2026-01-19,98049,551,5819284,795670,6.6952,0.0,620.69331156,1.7074498200000001,55.5741622,677.97492358,852.0805403999146,11095.813134,16.68976879363204,1030.013268,12142.516170793633,15260.743990339755,0.9632618236929998,Medium
2026-01-20,98374,609,5806717,807628,1.4447,0.0,622.7507045599999,1.8871813800000001,55.45414735,680.0920332899999,842.0857539486001,11132.592084,18.44658656138278,1027.788909,12178.827579561383,15079.749067096958,0.3787014163960607,High
2026-01-21,99103,939,5801014,806810,-1.2297,0.0,627.3655953199999,2.90979198,55.399683700000004,685.6750709999999,849.8594105179657,11215.090098,28.44227386065424,1026.779478,12270.311849860655,15208.428068393618,0.31601770723128053,High
2026-01-22,98994,1746,5817993,810169,-2.1546,0.0,626.67557736,5.410539720000001,55.561833150000005,687.64795023,848.7709974462118,11202.755004,52.88627280159989,1029.784761,12285.4260378016,15164.028786341616,0.7176455923392439,Medium
2026-01-23,99129,1497,5814742,796602,1.3235,0.0,627.53018676,4.63893354,55.5307861,687.6999064,863.2917145575833,11218.032414,45.34407238487688,1029.209334,12292.585820384875,15431.276622937017,0.4639541173769985,High
2026-01-24,98281,736,5820958,758548,3.0562,0.0,622.16197364,2.2807315200000002,55.5901489,680.0328540600001,896.492844302536,11122.067646,22.293411673526645,1030.309566,12174.670623673526,16049.967337167229,0.7680142098322137,Medium
2026-01-25,97487,616,5799647,759497,1.7377,0.0,617.1356042799999,1.9088731200000002,55.38662885,674.4311062499999,887.9970641753686,11032.213842,18.658616291973384,1026.537519,12077.409977291973,15901.853433643548,0.37524797246696107,High
2026-01-26,96868,877,5851358,754880,3.283,0.0,613.21706192,2.7176651400000003,55.880468900000004,671.81519596,889.9629026600255,10962.164088,26.56429624685172,1035.690366,12024.418750246852,15928.91419861018,0.8096568806224292,Medium
2026-01-27,97165,1086,5824926,758505,3.8233,0.0,615.0972026,3.36531852,55.6280433,674.09056442,888.7094540181014,10995.77439,32.894898203056975,1031.011902,12059.681190203057,15899.277117755395,0.5019100677613252,Medium
2026-01-28,96990,1214,5847271,762112,1.9204,0.0,613.9893755999999,3.76196748,55.84143805000001,673.5927811299998,883.8501180010286,10975.97034,36.772013276713786,1034.966967,12047.709320276714,15808.318620198494,0.4568652545303468,High
2026-01-29,96346,1310,5847040,803825,2.8455,0.0,609.91257224,4.0594542,55.83923200000001,669.8112584400001,833.2799532734116,10903.091436,39.6798495819564,1034.92608,11977.697365581957,14900.87688935024,0.23299373920531422,High
2026-01-30,94417,2370,5772659,807498,0.6909,0.0,597.70115348,7.3442034000000005,55.12889345,660.17425033,817.555276087371,10684.794222,71.78720878567682,1021.760643,11778.342073785678,14586.21826157548,1.319937071842375,Low
2026-01-31,94569,2064,5745243,810603,3.4068,0.0,598.66338036,6.395964480000001,54.86707065000001,659.92641549,814.1179041898439,10701.995454,62.51848056271602,1016.908011,11781.421945562715,14534.14550101926,0.5212188375324884,Medium
2026-02-01,95218,1866,5726682,796318,4.3363,0.0,602.77183592,5.78239812,54.6898131,663.24404714,832.8884279144763,10775.440188,56.521068183153155,1013.622714,11845.583970183154,14875.444194634747,0.46262791345675786,High
2026-02-02,95022,1488,5774622,756458,3.5277,0.0,601.53106968,4.6110441600000005,55.147640100000004,661.28975394,874.1922934782896,10753.259652,45.07146273126039,1022.108094,11820.43920873126,15626.035032653843,0.9145215129803658,Medium
2026-02-03,94981,1107,5800944,752644,5.5416,0.0,601.27152164,3.4303937400000004,55.3990152,660.10093058,877.0427062196735,10748.619846,33.5309873948288,1026.767088,11808.917921394828,15689.911726387016,0.8384189437005913,Medium
2026-02-04,93192,1141,5768811,746514,8.7969,0.0,589.94636448,3.53575362,55.092145050000006,648.5742631500001,868.8038846558807,10546.165872,34.56084608626889,1021.079547,11601.806265086268,15541.31103380013,0.41491512488415455,High
2026-02-05,95396,720,5762216,787712,11.8735,0.0,603.89865424,2.2311503999999998,55.0291628,661.1589674400001,839.3409868581412,10795.583736,21.808772289319542,1019.912232,11837.30474028932,15027.452597255495,0.7238288680642481,Medium
2026-02-06,97896,224,5808131,805685,8.5888,0.0,619.72475424,0.69413568,55.46765105000001,675.88654097,838.8967660686249,11078.498736,6.784951378899414,1028.039187,12113.322874378899,15034.812456951413,1.5546891010788597,Low
2026-02-07,97018,384,5834206,804049,2.5766,0.0,614.16662792,1.1899468800000002,55.716667300000005,671.0732421,834.6173455846597,10979.138988,11.631345220970422,1032.654462,12023.424795220972,14953.597100700295,0.4424825625575952,High
2026-02-08,97833,1544,5869514,809333,-1.4289,0.0,619.32593652,4.78457808,56.053858700000006,680.1643733,840.4011368620827,11071.369278,46.767700575985245,1038.903978,12157.040956575986,15021.06173426264,1.246566986065113,Low
2026-02-09,98833,272,5894731,808415,4.6061,0.0,625.65637652,0.84287904,56.29468105,682.79393661,844.608198276875,11184.535278,8.238869531520717,1043.367387,12236.14153453152,15135.965481258414,2.111802632837064,Low
2026-02-10,98455,63,5908505,767578,8.1402,0.0,623.2634701999999,0.19522566,56.42622275000001,679.8849186099999,885.7535242151284,11141.75853,1.90826757531546,1045.805385,12189.472182575315,15880.434538998403,0.39214774257345547,High
2026-02-11,96239,906,5906493,758802,9.7527,0.0,609.2352151599999,2.80753092,56.40700815,668.4497542299999,880.9277706569038,10890.982674,27.44270513072709,1045.449261,11963.874640130727,15766.79376191777,0.7614507730101588,Medium
2026-02-12,93643,1578,5835798,763050,10.4981,0.0,592.80139292,4.88993796,55.731870900000004,653.42320178,856.3307801323635,10597.203738,47.79755926742533,1032.936246,11677.937543267424,15304.288766486368,1.12996424997628,Low
2026-02-13,92188,2136,5819991,772627,12.4891,0.0,583.5906027199999,6.6190795200000005,55.580914050000004,645.7905962899999,835.8374691668813,10432.547208,64.69935779164798,1030.138407,11527.384972791648,14919.72837189439,0.5266687419431454,Medium
2026-02-14,92804,2084,5794554,814435,13.6974,0.0,587.49015376,6.45794088,55.337990700000006,649.28608534,797.222719234807,10502.257464,63.124279792974896,1025.636058,11591.017801792976,14231.974070113609,0.4078400679677758,High
2026-02-15,93971,1681,5818355,815777,15.3449,0.0,594.87777724,5.20911642,55.56529025000001,655.65218391,803.7149661120625,10634.322186,50.91742530325855,1029.848835,11715.088446303258,14360.650577674118,0.8190877403932904,Medium
2026-02-16,94706,1473,5895974,810875,8.8476,0.0014,599.53065064,4.56456186,56.3065517,660.4017642,814.4310333898567,10717.499196,44.61711330856623,1043.587398,11805.703707308567,14559.215301135893,1.093587569992702,Low
2026-02-17,94819,1292,5838320,810702,10.0955,0.0,600.2459903600001,4.00367544,55.755956000000005,660.0056218000001,814.1161879457558,10730.286954,39.134630274723406,1033.38264,11802.804224274723,14558.7456602731,0.7502327972048396,Medium
2026-02-18,93868,1170,5852053,812038,9.1012,0.0,594.2257419199999,3.6256194,55.88710615000001,653.7384674699999,805.0589596422826,10622.666088,35.439254970144255,1035.813381,11693.918723970144,14400.703814316748,0.4640642583477624,High
2026-02-19,93634,748,5871128,777639,9.1998,0.0,592.74441896,2.3179173600000005,56.0692724,651.13160872,837.3186127753366,10596.185244,22.65689121168197,1039.189656,11658.031791211683,14991.572942215711,1.0542946615719258,Low
2026-02-20,97375,670,5874029,759249,12.4867,0.0,616.426595,2.0762094,56.096976950000006,674.5997813500001,888.5092787083025,11019.53925,20.294274213672352,1039.703133,12079.536657213674,15909.848623065258,0.993498901759803,Medium
2026-02-21,95332,885,5841923,758580,14.6236,0.0,603.49350608,2.7424557000000003,55.79036465000001,662.02632643,872.7178760710802,10788.341112,26.806615938955275,1034.020371,11849.168098938955,15620.195759101156,0.3807463923379397,High
2026-02-22,94786,971,5851844,755448,18.727,0.0,600.0370858399999,3.00895422,55.8851102,658.9311502599999,872.2389234732236,10726.552476,29.41155262906844,1035.776388,11791.740416629069,15608.93723542728,0.41275967372154776,High
2026-02-23,94885,1091,5848695,763043,9.6956,0.0,600.6637994,3.38081262,55.85503725000001,659.89964927,864.8262932364232,10737.75591,33.0463480106217,1035.219015,11806.021273010621,15472.288289140484,0.42540800790420247,High
2026-02-24,94398,1128,5857386,725714,7.4794,0.0802,597.58087512,3.49546896,55.93803630000001,657.01438038,905.3351325453277,10682.644068,34.167076586600615,1036.757322,11753.5684665866,16195.868436583281,0.5171399678903225,Medium
2026-02-25,85473,2017,5706262,674408,11.0615,0.0038,541.08169812,6.250319940000001,54.4948021,601.8268201600001,892.3779376282607,9672.637518,61.09485237160766,1010.008374,10743.740744371607,15930.624702511843,1.924896606992334,Low
2026-02-26,79462,2374,5518894,592301,11.7336,0.0,503.02942327999995,7.35659868,52.705437700000004,563.0914596599999,950.6846344341812,8992.396692,71.9083686317286,976.844238,10041.149298631728,16952.7812693744,0.5397042735617475,Medium
2026-02-27,75419,3267,5374814,497143,10.1278,0.0187,477.43545435999994,10.123844940000001,51.3294737,538.888773,1083.9713583415637,8534.866554,98.95730426278743,951.342078,9585.165936262787,19280.500653258292,0.8899973426227645,Medium
2026-02-28,75211,2885,5257741,499476,9.8444,0.0,476.11872284,8.9400957,50.211426550000006,535.27024509,1071.66359362612,8511.328026,87.38653896484288,930.620157,9529.334721964842,19078.66388367978,0.9164469673117307,Medium
2026-03-01,75157,2169,5196390,490773,10.6839,0.0,475.77687907999996,6.72134058,49.6255245,532.12374416,1084.2563550969594,8505.217062,65.69892652157512,919.76103,9490.677018521574,19338.22157804438,0.8374122488649745,Medium
2026-03-02,76357,5397,5212942,487958,9.9602,0.0448,483.37340708,16.72433154,49.783596100000004,549.8813347199999,1126.9030013238842,8641.016262,163.47492228535774,922.690734,9727.181918285356,19934.46550376335,3.106651757602893,Low
2026-03-03,76499,5870,5239089,540251,9.7792,0.0024,484.27232955999995,18.190073400000003,50.03329995,552.49570291,1022.6648408054774,8657.085834,177.80207408098016,927.318753,9762.20666108098,18069.761390688735,0.525283678573104,Medium
2026-03-04,77473,5534,5229594,601125,10.332,0.0,490.4381781199999,17.148869880000003,49.9426227,557.5296706999999,927.4770982740694,8767.309518,167.62464701263102,925.638138,9860.572303012632,16403.530551902903,0.6343071739895918,Medium
2026-03-05,77980,2423,5257913,600200,11.1339,0.0,493.6477112,7.50844086,50.21306915,551.36922121,918.6424878540486,8824.68468,73.39257674586285,930.650601,9828.727857745862,16375.754511405967,4.513944680597087,Low
2026-03-06,77742,1737,5271054,597702,11.3741,0.0,492.14106647999995,5.38265034,50.338565700000004,547.86228252,916.6144374956082,8797.751172,52.613663147983395,932.976558,9783.341393147984,16368.259422166871,1.1387011947915473,Low
2026-03-07,80170,1216,5253811,601659,7.4362,0.0,507.51137479999994,3.76816512,50.173895050000006,561.45343497,933.1754947071348,9072.51822,36.83259319973967,929.924547,10039.27536019974,16685.988841187016,1.2173478369764894,Low
2026-03-08,80869,875,5248353,600213,8.2247,0.0,511.93635235999994,2.7114675,50.12177115000001,564.7695910099999,940.9486149250347,9151.621254,26.50371632382583,928.958481,10107.083451323826,16839.161183319633,0.6761764943739937,Medium
2026-03-09,80993,949,5279109,600333,9.2343,0.0,512.7213269199999,2.94078018,50.415490950000006,566.07759805,942.9393320873581,9165.653838,28.745173475783677,934.402293,10128.801304475783,16871.971563242038,0.8031275593807208,Medium
2026-03-10,82719,395,5284678,595443,8.8943,0.0,523.6476663599999,1.2240339000000002,50.4686749,575.3403751599999,966.2392120824325,9360.978354,11.964534797612805,935.388006,10308.330894797613,17312.036407846954,1.3162767569675937,Low
2026-03-11,84031,-257,5283098,602360,10.9826,0.0,531.95320364,-0.7963967399999999,50.45358590000001,581.6103928,965.5528135998405,9509.452146,-7.784520108826559,935.108346,10436.775971891173,17326.475814946498,1.21396799348761,Low
2026-03-12,84214,-397,5264040,601790,9.7066,0.0117,533.11167416,-1.2302315400000001,50.27158200000001,582.15302462,967.369056680902,9530.161524,-12.025114720638692,931.73508,10449.871489279361,17364.64794908417,0.42366751647266016,High
2026-03-13,83325,-117,5273086,598241,7.3125,0.0133,527.4839129999999,-0.36256194,50.3579713,577.47932236,965.2954617954972,9429.55695,-3.543925497014426,933.336222,10359.349246502985,17316.34783724784,0.5045597242208102,Medium
2026-03-14,82373,235,5248621,597838,9.9925,0.0,521.4573341199999,0.7282227000000001,50.12433055,572.3098873699998,957.2992806914245,9321.822918,7.118140955541795,929.005917,10257.946975955541,17158.40574864017,0.3379950630022612,High
2026-03-15,81886,303,5251275,597760,11.7967,0.0,518.37440984,0.93894246,50.149676250000006,569.46302855,952.6616510807012,9266.711076,9.177858338421974,929.475675,10205.364609338421,17072.679017228354,0.4047212263520004,High
2026-03-16,80775,566,5263703,599045,11.8189,0.0,511.34129099999996,1.7539321200000002,50.268363650000005,563.3635867699999,940.4361721907367,9140.98365,17.144118216326195,931.675431,10089.803199216325,16843.147341545835,0.40486374142432036,High
2026-03-17,79665,113,5212815,596846,13.3252,0.0,504.31450259999997,0.35016666,49.78238325,554.4470525099999,928.9616626566986,9015.36939,3.4227656509626505,922.668255,9941.460410650963,16656.65918955805,0.5383932090176268,Medium
2026-03-18,78284,1640,5222715,621618,12.4495,0.0149,495.57216495999995,5.0820647999999995,49.87692825,550.53115801,885.6422401056598,8859.087144,49.67553688122785,924.420555,9833.183235881228,15818.691279662473,0.9417289521213776,Medium
2026-03-19,78371,1543,5262910,736465,11.4832,0.0,496.12291323999995,4.781479260000001,50.260790500000006,551.165183,748.3929080132797,8868.932586,46.7374106144723,931.53507,9847.205066614473,13370.907058196211,0.3756753880998875,High
2026-03-20,79294,1910,5361991,786575,14.7585,0.0,501.96590935999996,5.9187462,51.207014050000005,559.0916696099999,710.7925749102119,8973.384804,57.85382648972268,949.072407,9980.311037489722,12688.314575837934,0.3662129523965268,High
2026-03-21,78531,1813,5408645,822020,14.5039,0.0,497.13578364,5.61816066,51.65255975000001,554.40650405,674.444057383032,8887.039146,54.915700222967125,957.330165,9899.285011222966,12042.632796310269,0.327609959714741,High
2026-03-22,74973,2036,5291618,794090,15.046,0.0,474.6120781199999,6.309197520000001,50.5349519,531.4562275399999,669.2644757395257,8484.394518,61.6703616403536,936.616386,9482.681265640353,11941.569929907633,0.6515628590193162,Medium
2026-03-23,75454,2128,5315157,774987,14.6221,0.0,477.65701975999997,6.59428896,50.75974935,535.01105807,690.3484291607472,8538.827364,64.45703809954443,940.782789,9544.067191099546,12315.131984277861,0.6286322631137623,Medium
2026-03-24,76686,1406,5384774,780296,12.8526,0.0,485.45612184,4.3569409199999996,51.4245917,541.2376544599999,693.6312046454165,8678.247876,42.587685887199,953.104998,9673.9405598872,12397.783097551697,1.457935933015378,Low
2026-03-25,72270,2285,5305088,743149,13.9914,0.0,457.50089879999996,7.080803700000001,50.663590400000004,515.2452929,693.32703522443,8178.50682,69.21256205707661,939.000576,9186.719958057076,12361.881611974282,0.9913772983513364,Medium
2026-03-26,70703,2691,5235449,722953,15.7087,0.0,447.58109932,8.33892462,49.998537950000006,505.91856189000003,699.7945397418644,8001.175698,81.51028643133179,926.674473,9009.360457431332,12461.88957986388,0.36871394492626147,High
2026-03-27,71624,3406,5283462,721443,19.4189,0.0,453.4114345599999,10.55458092,50.4570621,514.4230775799999,713.0474307464344,8105.401584,103.16760891308662,935.172774,9143.741966913087,12674.240330716475,0.8558550937173101,Medium
2026-03-28,71624,3588,5258302,719486,16.5345,0.0,453.4114345599999,11.11856616,50.2167841,514.7467848199999,715.4368324331535,8105.401584,108.6803819084424,930.719454,9144.801419908443,12710.18674429863,0.10033609037003373,High
2026-03-29,70944,3485,5244021,719613,15.459,0.0,449.10673535999996,10.7993877,50.08040055000001,509.98652360999995,708.695539977738,8028.448704,105.56051587260919,928.191717,9062.20093687261,12593.159013070373,0.41530379376474297,High
2026-03-30,70488,3585,5268307,716621,16.8279,0.066,446.22005471999995,11.1092697,50.31233185,507.64165627,708.3823335766047,7976.845008,108.58951202390357,932.490339,9017.924859023904,12583.952827260024,0.5743179910917945,Medium
2026-03-31,70213,3935,5217737,721734,14.5471,0.0667,444.47918372,12.193856700000001,49.82938835,506.50242877,701.7854621924421,7945.724358,119.1909985534339,923.539449,8988.454805553434,12453.971692553538,0.5913744102152299,Medium
