일자,FG(BBL),STEAM(ESSTON),ELEC(KWH),EHC,FO,H/S,L/S,Mild,CDU,RFCC,RDS,UC,Rain,ATM Temp.
2025-07-01,92882,494,5878313,0.16959421212911227,0.0009308304600805523,0.4922372805357335,0.0005539347037436727,0.33668374217133,747535,171792,235527.96399999998,49261.656,0.0,33.2734
2025-07-02,91591,477,5880482,0.19808557269109425,0.0009254055052218297,0.4753127742118589,0.0010211895517244086,0.32465505804010064,739056,172167,224546.04799999998,49437.566,0.0,32.9958
2025-07-03,90159,690,5855945,0.20438745428976487,0.0009322688841390482,0.4752534411910193,0.001282471260100234,0.31814436437497645,741003,172210,217975.726,49570.082,0.0,33.9885
2025-07-04,90238,454,5826871,0.2055015305415872,0.00035863208120750546,0.45298876532278254,0.0011800892366315493,0.33997098281779115,736851,172638,216246.10799999998,49413.338,0.0,32.4622
2025-07-05,91852,403,5848179,0.21349681632510123,0.0,0.3593547957617097,0.001852245263087642,0.42529614265010135,740293,173519,216355.816,49471.167,0.0,33.2391
2025-07-06,91458,492,5875225,0.19953732260330242,0.0,0.3195559153658729,0.023513837116831655,0.4573929249139931,738429,173459,216157.48700000002,49870.157,0.0,33.7199
2025-07-07,90919,898,5875639,0.21978283835057047,0.0,0.2767663840496546,0.036661237070945984,0.4667895405288289,736727,172787,216561.604,49611.735,0.0,33.1776
2025-07-08,91341,269,5853283,0.26165398416161967,0.0,0.22304341279015139,0.03827678548740164,0.4770258175608271,741887,174148,216869.11200000002,49673.735,0.0,30.0898
2025-07-09,91584,-142,5856881,0.28188641315804935,0.0,0.21088890252490633,0.038144290664992815,0.46908039365205134,742442,175078,216387.528,49758.994000000006,0.0,29.4145
2025-07-10,92130,50,5872675,0.3104883141982332,0.0,0.17070053920886605,0.03758093384728312,0.4812302127456177,741414,175497,216041.79700000002,49944.479,0.0,28.9386
2025-07-11,91497,280,5880791,0.3116894006961491,0.0,0.15502682778597757,0.013921339889658001,0.5193624316282154,739819,174953,216062.076,49866.936,0.0,27.8987
2025-07-12,92261,85,5847816,0.3620572003714967,0.0005132125531902934,0.15692332603206188,0.0,0.4805062610432511,740236,175422,215275.777,49742.855,0.0,27.6246
2025-07-13,92649,334,5842906,0.3805191595465746,0.00795311381944147,0.17472085876239973,0.0,0.4368068678715843,739397,174989,214928.07400000002,49510.856999999996,0.1367,27.8671
2025-07-14,94205,427,5874305,0.3832944527764546,0.008048969447755893,0.1667796286387106,0.0,0.44187694913707887,734295,174476,214827.06200000003,49584.21,0.1161,25.1079
2025-07-15,94278,-205,5831386,0.37283047995719226,0.008311317151772456,0.11519428942617804,0.0,0.5036639134648571,742432,174816,215045.97499999998,49667.514,0.0097,26.4328
2025-07-16,93945,-238,5828430,0.3567729525101859,0.008543982438702658,0.12657084103969465,0.0,0.5081122240114168,727130,174951,214981.46200000003,49758.523,0.0049,27.4128
2025-07-17,93769,68,5814388,0.20220504412668924,0.008366080038908782,0.26360222735201205,0.05834020282632349,0.46748644565606645,692107,174213,215107.87900000002,49819.479,0.0142,28.2793
2025-07-18,92468,521,5813342,0.13089622547995083,0.008103256309288178,0.3233916347137199,0.08454159568376146,0.45306728781327976,703069,174905,216233.464,50202.020000000004,0.0247,26.8493
2025-07-19,92088,1010,5792396,0.13077262520457547,0.00805618052721321,0.32597205740460244,0.12804874370485714,0.40715039315875184,708733,175012,216230.419,49899.084,0.059,25.5549
2025-07-20,91574,175,5798278,0.12038030012326101,0.00433128360725269,0.32389569286811154,0.13840966744615502,0.41298305595521967,712869,175110,216166.90400000004,49846.111000000004,0.0,30.351
2025-07-21,91554,262,5854261,0.18748689446999287,0.0,0.4697932078438847,0.0018161101636774086,0.340903787522445,722136,174952,215629.881,49926.665,0.0,31.1891
2025-07-22,92817,350,5881533,0.18806086345905806,0.0047388273150116116,0.49357993455891946,0.0,0.3136203746670109,741933,173883,215192.27599999995,49654.45,0.0,32.6002
2025-07-23,93799,153,5897672,0.18740183669402968,0.00757290619246447,0.47661631428662593,0.0,0.3284089428268799,734862,174451,215215.989,49872.271,0.0,32.4836
2025-07-24,92425,236,5894763,0.1859255205948034,0.007859502014349314,0.4499141989261168,0.0,0.35630077846473057,717812,173798,215609.036,49288.884,0.0,31.2572
2025-07-25,92131,428,5875349,0.1926840100281243,0.007863968311936672,0.4422936484583682,0.0,0.3571583732015708,724393,174616,215449.391,48709.203,0.0,31.5751
2025-07-26,91858,355,5875110,0.18622416111872517,0.003020273100942316,0.4056964951615698,0.019329417205997467,0.3857296534127652,725370,174564,215456.039,48722.356,0.0,31.8873
2025-07-27,90863,400,5860671,0.1696973837195855,0.002574941728900928,0.4761912082345678,0.021453455476291797,0.33008301084065406,724423,175295,215615.17,48701.058,0.0,32.4707
2025-07-28,91525,444,5884161,0.12236523401602951,0.00703417524191962,0.6567973102062824,0.0,0.21380328053576855,707099,174624,219067.347,48869.823,0.0,32.3409
2025-07-29,93663,-188,5904983,0.14854895615904326,0.007017764307898054,0.5421609131761518,0.0007249897019269594,0.3015473766549799,692441,174250,225375.93699999998,48588.814,0.0,31.6058
2025-07-30,93387,-412,5960146,0.1754527161961892,0.005834122301413579,0.4486393982466815,0.0028243626610652034,0.3672494005946505,695402,174380,228739.338,48695.34,0.0,30.9523
2025-07-31,94128,-366,5949337,0.14387438676525963,0.0,0.5017415032985958,0.016317315540520436,0.33806679439562404,682580,174556,228397.349,48649.694,0.0,31.0785
2025-08-01,93683,-235,5948400,0.07470546619317342,0.005333702478598405,0.41464881119065167,0.08225421072085397,0.4230578094167225,660468,174326,228971.12800000003,49624.704,0.0,30.6622
2025-08-02,93395,172,5940163,0.06783793183091717,0.006412371498986306,0.3915829019502815,0.09900195504449451,0.4351648396753205,658065,174153,228837.769,49426.552,0.0,32.0188
2025-08-03,92873,290,5928000,0.06630860396601365,0.006371591027968159,0.3929546322407938,0.1101282432934531,0.4242369294717714,654212,174788,228859.111,49797.98,0.1172,31.5617
2025-08-04,94594,496,5989401,0.11462363905515607,0.0011946760047782299,0.6559507972381036,0.0,0.22823088770196212,672518,174310,232648.84999999998,49277.21,0.1263,31.192
2025-08-05,96940,-840,6007232,0.11755843820071027,0.0009853367350648767,0.6714148881966822,0.0,0.21004133686754262,674167,173879,236351.71000000002,49553.376,0.0156,31.1523
2025-08-06,97942,-1038,5990578,0.11203444409245783,0.006045998387094159,0.6809605623311354,0.0,0.2009589951893125,674186,172921,235810.09999999998,49344.638,0.0,31.7585
2025-08-07,96504,-1241,5975869,0.09598303149226176,0.006052659383920724,0.7090795817434481,0.0,0.18888472738036932,673406,173101,235723.206,49365.263,0.0031,31.4167
2025-08-08,97034,-1211,6002830,0.09189622816960737,0.005891417364632988,0.7147534062166044,0.0,0.1874589482491552,674023,172800,237073.09699999995,49446.447,0.0,29.5379
2025-08-09,98711,-1984,5999173,0.08631152614186587,0.00587994897306043,0.6579924744179416,0.020808121595784344,0.22900792887134772,670571,173119,238308.06900000002,49384.944,0.0101,27.4884
2025-08-10,97522,-1678,5980180,0.05234999821587487,0.006075052129455577,0.39831064474210176,0.10722615812839352,0.43603814678417424,660593,173583,238848.398,50182.767,0.1028,26.397
2025-08-11,96533,-1219,5989484,0.08673792959232605,0.003344905690772678,0.37941361830594195,0.10342678559344025,0.427076760817519,695326,173274,239018.88199999998,49765.077,0.0045,26.9912
2025-08-12,95789,-684,5997016,0.17127738198746015,0.0,0.3184086882201522,0.09763864487943374,0.41267528491295385,734880,173223,239268.695,49720.676,0.1118,24.9919
2025-08-13,95799,-675,6037397,0.2264905842492417,0.0,0.37646537367424815,0.052229204257340435,0.3448148378191698,750228,173914,238777.247,49622.201,0.0003,30.7494
2025-08-14,97417,-959,6031680,0.2370345013684644,0.00016813736290539257,0.46730937090510666,0.004446357648869418,0.29104163271465405,774715,172858,238756.84499999997,49702.995,0.0,32.4046
2025-08-15,99281,-1232,6009797,0.15460063408777325,0.00529789290749778,0.5321913059603863,0.0024933584394341893,0.30541680860490855,784698,173680,239306.761,49684.61,0.0,32.7087
2025-08-16,97876,-942,5996509,0.1257198241192445,0.009709608364033631,0.5400483026060062,0.004819757952561723,0.31970250695815394,783901,172632,238916.38299999997,49537.513,0.0,33.2122
2025-08-17,97930,-1240,5971728,0.15397608653848502,0.008544990364331526,0.5516169526299077,0.0030135608803492533,0.2828484095869265,787355,172159,239188.082,49345.098,0.0,32.5016
2025-08-18,97877,-1767,6004639,0.1375606886602971,0.008525923351565892,0.5113597358883184,0.032194453043720386,0.3103591990560982,762986,172778,239167.879,49556.408,0.0,33.2765
2025-08-19,96908,-1459,5988626,0.08433969261390986,0.008796084721818068,0.40390364648625937,0.10843473647132057,0.39452583970669214,727502,172718,238962.153,49367.855,0.0,32.8043
2025-08-20,97076,-1334,5964954,0.07837555068089908,0.008756958605637686,0.4082089013943808,0.11414053267309072,0.39051805664599176,732114,172458,239353.70299999998,49626.032,0.0,32.4053
2025-08-21,96454,-1290,6014491,0.11670135964736553,0.008732873375363165,0.3753227459223302,0.10073730064064754,0.39850572041429355,731666,173544,237492.533,49542.224,0.0,32.4653
2025-08-22,96452,-958,6002610,0.3201731647308509,0.005435951915754636,0.3073090850395411,0.0014563655278399808,0.36562543278601345,779950,172760,231541.891,49196.359,0.0,32.1787
2025-08-23,97171,-1231,5998155,0.38429795342064244,0.0005534187582944541,0.20820059862866272,0.0015858589110175532,0.40536217028138294,786430,172194,234608.483,49408.815,0.0,34.5569
2025-08-24,98523,-1523,5972074,0.3793503452098147,0.008147096183277549,0.1848722119753757,0.0017097119912097929,0.42592063464032237,786861,172412,237850.678,49418.432,0.0,33.5399
2025-08-25,98999,-1362,6032473,0.372433359847368,0.009060721790780721,0.19395425083531678,0.0019130512854031911,0.4226386162411313,787949,172800,240081.08899999998,49668.721,0.0,33.2271
2025-08-26,99089,-1554,6037633,0.33936824235697,0.008031025920576803,0.2550901083714615,0.0015043086952924163,0.39600631465569924,787156,172992,241087.217,49616.534,0.0014,32.4684
2025-08-27,99623,-1873,6024429,0.3381672630907201,0.007726708910821507,0.25847243830266203,0.0011012165670635744,0.39453237312873274,791406,173496,241482.25,49524.512,0.0,30.446
2025-08-28,99423,-1934,6041086,0.3542489753350476,0.007699812131703462,0.21789558670228068,0.0008226563432908133,0.41933296948767734,784128,173425,241457.99100000004,49592.613,0.0,29.4979
2025-08-29,99891,-2239,6041421,0.3547181696563547,0.005971827919125331,0.23841714179119283,0.0,0.4008928606333271,766264,173147,241027.977,49719.393,0.0,33.2282
2025-08-30,98013,-2245,5951722,0.3114540668676526,0.0,0.3550020530213355,0.0,0.333543880111012,618564,173234,241267.61699999997,49455.021,0.0,33.5821
2025-08-31,97908,-2516,5883307,0.26800832758945503,0.0,0.4625981539350129,0.0,0.26939351847553206,535246,173838,241142.91399999996,49548.533,0.0021,30.3889
2025-09-01,97395,-2632,5893850,0.26066275682674095,0.002207659008452852,0.47560056150007357,0.0,0.2615290226647326,529103,173786,241127.389,49417.042,0.0003,29.5716
2025-09-02,96682,-2589,5851881,0.2618626104347329,0.011150450678559009,0.35367891647726896,0.0,0.37330802240943906,526246,173245,241057.936,49632.888,0.0142,28.3966
2025-09-03,96472,-2607,5857698,0.2627242312830892,0.004302181517747296,0.31523073863007545,0.0,0.417742848569088,526779,173557,240872.698,49311.648,0.0,28.3669
2025-09-04,95325,-2297,5860988,0.20112975799839244,0.0013671023097372127,0.378748043970233,0.0,0.41875509572163727,528094,173550,241193.08899999998,49225.96,0.0,29.383
2025-09-05,95768,-2328,5872758,0.2483760372761357,0.011013802278913605,0.3274168281655959,0.0,0.4131933322793547,526967,174480,241566.38499999995,49097.903,0.001,29.3852
2025-09-06,95480,-2209,5850064,0.2669875808098363,0.010530966575203889,0.2900285401308454,0.0,0.4324529124841145,570009,174834,241561.70400000003,49029.575,0.0,30.4805
2025-09-07,95770,-490,5893697,0.28368863797194677,0.0003664788762662895,0.29028504103225217,0.0,0.4256598421195349,690083,174533,241345.30600000004,49303.754,0.0,31.6674
2025-09-08,95452,-1336,6001975,0.2976207913106814,0.0008116330751277294,0.27479421748815747,0.0,0.42677335812603345,747181,174941,241219.21000000002,49564.409,0.0,29.436
2025-09-09,97894,-1958,6003135,0.1864737454664669,0.008668587183279598,0.2928044881026327,0.09153390909307224,0.4205192701545485,745480,174143,241320.68699999998,49362.628,0.0306,24.2721
2025-09-10,97790,-1583,6037987,0.11532187624836869,0.008510606288741023,0.27583308317336025,0.10966966961663044,0.4906647646728995,745143,174207,241590.21600000001,49469.418,0.0,26.103
2025-09-11,96393,-1625,6041409,0.23313412539098619,0.008526460493634909,0.34177237196618315,0.041994181889194425,0.3745728602600014,749445,175664,241664.576,48831.618,0.0028,27.2332
2025-09-12,100142,-2006,6063507,0.28479385581183697,0.008588765496426133,0.3989372106503321,0.0014496507111594224,0.3062305173302453,751330,174448,241466.407,49092.556,0.001,27.4763
2025-09-13,100087,-1952,6066899,0.22605699044117333,0.00828321845560375,0.33747310225947375,0.06560865139458215,0.3625780374491669,745987,174817,241038.978,49210.512,0.0371,27.3736
2025-09-14,97962,-1695,6029878,0.1696396758722142,0.005563967950073519,0.28417935324196203,0.11054481412547557,0.4300721888102747,747946,175519,241333.858,49267.983,0.001,26.9647
2025-09-15,98516,-1673,6057715,0.3269325371762797,0.0,0.281287332431571,0.026087671938072213,0.3656924584540771,759473,175772,241285.15499999997,49210.568,0.0003,29.3503
2025-09-16,100239,-1682,6097578,0.41750703658833205,0.004447715258532417,0.21772932975169254,0.0003120680663123712,0.36000385033513066,764030,175792,239703.33500000002,49219.783,0.0,31.5135
2025-09-17,100999,-1968,6049098,0.2935981576052251,0.005200323043341587,0.3905763540658215,0.00031332965087206766,0.31031183563473985,768442,175122,236701.49899999998,49157.33,0.0052,30.4715
2025-09-18,100791,-1764,6013179,0.27855808847347363,0.005117261874984025,0.4379501975565969,9.912531195836234e-05,0.278275326782987,768095,175450,236579.978,49332.788,0.0,25.0993
2025-09-19,100508,-1476,5981881,0.22872783959973494,0.0019343842904955527,0.4519063549336171,0.02890949242062686,0.2885219287555255,748152,175278,237033.576,49212.405,0.0,25.4902
2025-09-20,99445,-1104,5997868,0.10447921284934084,0.0007993322492934252,0.3977411813680071,0.11196385178553957,0.3850164217478191,719483,176422,237146.25400000002,49547.382,0.0059,25.8907
2025-09-21,97861,-1405,5964517,0.17895135515046592,0.004211142157218011,0.428729903794997,0.06311354077997496,0.32499405811734405,730889,175820,237266.272,49281.865,0.0,23.5763
2025-09-22,99733,-1299,5999362,0.33836334469031537,0.0038642084461442705,0.4318743319413274,0.00113982126445562,0.22475829365775724,767500,176055,234358.804,49453.48,0.0,24.1007
2025-09-23,100016,-1553,6004399,0.32853031596253846,0.0038699775103863397,0.4467249659082916,0.0007210234380236019,0.22015371718075988,756920,176665,231670.915,49509.869,0.0,25.1256
2025-09-24,98721,-1349,5989191,0.283673833366139,0.00392965846530957,0.4902128455474771,0.0007073361231579858,0.22147632649791638,755131,175947,229433.99800000002,49352.142,0.0038,26.3814
2025-09-25,98667,-1043,5993270,0.22268735662901568,0.004254784090426836,0.35316903827621804,0.05809622723449632,0.3617925937698433,720932,175010,228362.005,49273.833,0.0021,27.3836
2025-09-26,98003,-859,5975766,0.14678737782067913,0.00419814512328608,0.2813215782468434,0.130193069221655,0.4374998295875364,714754,176509,227978.77800000002,49345.595,0.0,26.2669
2025-09-27,98047,-1236,5959229,0.13243613160796286,0.003964565688875965,0.40820744429500927,0.12573587231773956,0.3296559860904123,722448,175782,230236.049,49744.446,0.0,25.6356
2025-09-28,99379,-1686,5972386,0.13014228614421774,0.0004128887369802599,0.4408451006849069,0.1163187363224305,0.31228098811146454,724917,176362,228418.82200000004,49444.806,0.0,26.034
2025-09-29,100232,-1594,5973702,0.300813574282214,0.0004113230687587566,0.3302724782476144,0.0003865761379309718,0.3681160482634818,735120,175367,225419.67199999996,49329.348,0.0,24.2436
2025-09-30,97214,-1374,5956106,0.29939779492954116,0.0009587243212644477,0.2495027275799599,0.0008872640812041443,0.44925348908803037,747466,174925,223161.369,49024.179,0.0,23.6036
2025-10-01,98656,-1238,5943387,0.21016565743548654,0.0,0.47712806082013054,0.0002627467453819031,0.312443534999001,752017,175920,224536.5,49306.962,0.0,25.205
2025-10-02,97947,-1384,5951897,0.2211600311923496,0.0,0.48584330296852074,0.00019746014946028995,0.2927992056896694,735911,174857,228103.71499999997,49455.801,0.0,24.5188
2025-10-03,97716,-976,5967606,0.2665436869664994,0.0,0.36734631041399896,0.0,0.36611000261950166,715421,175003,225477.11099999998,49786.891,0.0132,21.6886
2025-10-04,98284,-836,5979518,0.27980149432543827,0.0,0.35298604516329446,8.669476031480133e-05,0.36712576575095246,721443,175626,224586.38,49498.641,0.0069,24.5795
2025-10-05,99146,-1072,5970045,0.28817005596696516,0.0,0.3572819464923618,0.0002287561730749214,0.3543192413675982,689476,175157,225366.138,49554.093,0.0024,24.5707
2025-10-06,98464,-1249,5970797,0.22518131588458112,0.0,0.4485396870817309,0.00024079047232651251,0.32603820656136134,658114,175889,224481.75300000003,49435.698,0.0049,22.9489
2025-10-07,98303,-1143,5944611,0.1704562353698804,0.0,0.45714249652416766,0.0002713854718071864,0.3721298826341448,661983,174885,225844.64500000002,49508.164,0.0038,24.0872
2025-10-08,98237,-1057,5936795,0.165895136836265,0.0,0.4472107075564696,0.0003264068431136839,0.38656774876415173,665144,176010,224831.605,49500.465,0.0003,25.3199
2025-10-09,97897,-1368,5930525,0.2041030731740534,0.0,0.393803415010759,0.0008600511254406351,0.401233460689747,661512,176004,224863.18099999998,49433.93,0.0017,23.4864
2025-10-10,98615,-1599,5933560,0.18683497226404067,0.0,0.4005180107710316,0.0008691011187257301,0.411777915846202,664287,174537,226894.908,49552.54,0.0003,23.7129
2025-10-11,99849,-1848,5938994,0.17346921172128008,0.0,0.4434820765122599,0.0004908878305291155,0.38255782393593096,665309,175586,226229.613,49493.37,0.0,25.7037
2025-10-12,98847,-1305,5925854,0.10419870246673166,0.0,0.3901151764537274,0.09820727865370021,0.4074788424258408,658777,174759,225980.18100000004,49569.774,0.0,24.0045
2025-10-13,96045,-884,5912471,0.08110833217830768,0.0,0.3039444499886937,0.11500324343309522,0.4999439743999034,655979,175995,225135.82499999998,49440.849,0.0,21.8885
2025-10-14,93878,1605,5840178,0.08718601118587173,0.0,0.2527061542215958,0.11028381036809785,0.5498240242244347,653994,161020,225621.321,49364.326,0.051,21.4123
2025-10-15,77774,7883,5321178,0.14235536453159464,0.0,0.15034097496669255,0.12064096471824719,0.5866626957834656,672720,99146,198139.34100000001,49447.705,0.0,23.4476
2025-10-16,68391,9496,4926102,0.14944852972084766,0.0,0.2249082747290037,0.112483287544617,0.5131599080055316,734430,82365,157232.696,49217.355,0.0495,22.9876
2025-10-17,67845,11075,4713505,0.13143120442249567,0.0,0.34618584980154593,0.0961812117363677,0.42620173403959066,704931,86045,158385.969,49290.438,0.0003,23.3112
2025-10-18,65308,12555,4576966,0.10574476414272829,0.0,0.2888905987216112,0.10696488459928828,0.49839975253637225,567358,73267,153665.82700000002,49019.216,0.0062,22.2004
2025-10-19,63343,12388,4463136,0.0772470740727832,0.0,0.31009868754196374,0.07541146230089463,0.5372427760843584,506465,73524,153332.902,48858.747,0.0021,20.6716
2025-10-20,63812,12098,4423469,0.11618745465664451,0.0,0.431905877402507,0.005410243222959462,0.4464964247178891,509582,73698,153215.538,48585.505,0.0038,18.6041
2025-10-21,66760,11123,4424972,0.10480665273694938,0.0,0.4028541140128596,0.1314584128400646,0.3608808204101264,515055,72929,153288.991,48835.367,0.0038,17.1098
2025-10-22,65758,9845,4377128,0.08207822038669575,0.0,0.47921413799481966,0.10128266343161692,0.3374249781868676,507229,73416,153137.9,49037.519,0.0212,17.8952
2025-10-23,65801,8775,4321942,0.09015783875996779,0.0,0.6011017565810522,0.014688413156652284,0.2940519915023277,516982,73726,153114.40899999999,49164.702,0.0031,18.8352
2025-10-24,66453,8733,4310744,0.08639934152088485,0.0,0.6036347467990542,0.018284363674974675,0.29168154800508617,523319,73815,153069.706,49343.594,0.0514,18.851
2025-10-25,66356,8332,4328660,0.06609228185888623,0.0,0.6079099159786738,0.04840322342379382,0.2775945787386462,523617,72641,153539.663,49104.249,0.0,20.1626
2025-10-26,66395,8443,4296205,0.05611858361259135,0.0,0.6322014002511406,0.053729432822241165,0.25795058331402687,556110,72951,153719.64500000002,49071.026,0.0014,18.5561
2025-10-27,66980,8989,4319924,0.22775506784709332,0.0,0.40788574199257,0.007710831159225932,0.3566483590011108,618124,72980,153701.736,49027.405,0.0,16.2504
2025-10-28,69052,8016,4357370,0.23368823493566912,0.0,0.3122274486843203,0.011400888372492254,0.44268342800751825,619680,73460,153261.706,49069.504,0.0,14.1417
2025-10-29,69368,7729,4338799,0.14242514741523962,0.0,0.2683829015646537,0.027517226510106043,0.5616747245100008,593821,73709,153872.892,49162.564,0.0,15.0433
2025-10-30,66719,8048,4331344,0.1202366174587911,0.0,0.32085652549706695,0.04581928670039834,0.5130875703437435,591556,73389,154189.566,49277.462,0.0,16.8911
2025-10-31,65477,8248,4306790,0.13409058182874872,0.0,0.284786198911248,0.053017680482292294,0.5281055387777109,587461,73139,154271.751,49143.687,0.0,17.9274
2025-11-01,65540,8368,4285640,0.1724521517488091,0.0,0.29245142435220944,0.018578880799904718,0.5165175430990767,597612,74327,152556.282,49057.566,0.0,18.5459
2025-11-02,65039,8148,4281929,0.16300747499900595,0.0,0.29208433615899787,0.018737813332737586,0.5261703755092585,626856,73297,153766.933,49200.649,0.0,16.4379
2025-11-03,66495,7505,4305338,0.1335063423980991,0.0,0.36726125277111993,0.01780661725773244,0.4814257875730485,636783,73590,153988.11800000002,49490.062,0.0,13.3073
2025-11-04,66098,7041,4304403,0.13456314304004255,0.0,0.43043227745397045,0.016421628422709077,0.41858295108327803,637585,72976,153659.732,49102.155,0.0,16.1777
2025-11-05,65886,7011,4297248,0.12597619143192407,0.0,0.41998502254056,0.016172005849386734,0.4378667801781291,636091,72566,153398.6,49002.585,0.0,17.6627
2025-11-06,68151,7012,4332998,0.09188508815019797,0.0,0.4516954293222329,0.004605928548202128,0.45181355397936696,638155,72988,153464.04499999998,49070.963,0.0,18.9901
2025-11-07,67191,7062,4328912,0.09346217626144182,0.0,0.4591845002720322,0.005345733837701231,0.4420075896288248,635627,73012,153420.232,49128.724,0.0,18.5887
2025-11-08,67385,7028,4302685,0.12503250598301613,0.0,0.4497443833933821,0.008759353644698665,0.4164637569789032,636158,73061,153541.13100000002,49610.219,0.0116,18.4373
2025-11-09,67095,8188,4273403,0.12480275250730659,0.0,0.4495171171474793,0.010412562054724893,0.4152675682904892,639279,72986,153336.568,49107.992,0.0481,17.7749
2025-11-10,66882,10438,4234703,0.1232918056764327,0.0,0.4501772009618478,0.008435724865713572,0.41809526849600576,639387,72770,153251.44,49442.894,0.0,15.8753
2025-11-11,68383,11428,4182284,0.1274648861993486,0.0,0.48920985465569056,0.005204409666291295,0.3781208494786696,636679,73606,153423.854,49514.762,0.0,14.6341
2025-11-12,67439,11185,4188507,0.17299261128790677,0.0,0.40060663250951384,0.005288511368254989,0.4211122448343245,641421,72800,153276.22400000002,49458.291,0.0,15.7793
2025-11-13,67968,10528,4208540,0.2538396181101297,0.0,0.26871314862548523,0.0052984248997913624,0.47214880836459383,647872,73990,153041.778,49301.54,0.0,17.8327
2025-11-14,68395,9958,4217924,0.2569135247669308,0.0,0.2596280437087787,0.02177925580542035,0.46167917571887035,646813,72632,152845.903,49142.473,0.0,17.1452
2025-11-15,68410,8498,4227432,0.2692552607566333,0.0,0.22148019213676517,0.04007704617586801,0.4691875009307334,649280,73318,152730.155,49163.847,0.0,15.4197
2025-11-16,68290,7741,4184988,0.26917620607631,0.0,0.2207642711977706,0.04027056082195224,0.4697889619039673,648857,73209,152791.231,49423.602,0.0,17.1743
2025-11-17,67547,8217,4153529,0.2717974564127089,0.0,0.18086978395691977,0.03593257629948178,0.5114001833308894,648534,73898,152772.31699999998,49274.43,0.0,13.6363
2025-11-18,67244,8378,4174150,0.2782284191354762,0.0,0.16022915351964198,0.03035617108369056,0.5311862562611912,649956,73110,152804.35100000002,48924.854,0.0,8.2881
2025-11-19,67659,8182,4145488,0.21630866497996692,0.0,0.3077731653215492,0.029302741964166105,0.4466154277343176,647512,73398,153013.593,49201.775,0.0,9.6922
2025-11-20,67005,8840,4115623,0.20945742593367214,0.0,0.3295329277000198,0.02919628771069995,0.43181335865560816,646542,73633,152987.088,49544.313,0.0,12.9163
2025-11-21,67551,9201,4115319,0.20515724090083062,0.0,0.301846758119659,0.03606813623306835,0.45692786474644204,644835,73711,152917.079,49557.062,0.0,13.5987
2025-11-22,66753,9064,4124716,0.20481715327728173,0.0,0.2966870844603005,0.038308270859430185,0.4601874914029877,647252,73270,153198.335,49615.452,0.0,14.6999
2025-11-23,66277,8220,4126118,0.20762141232345332,0.0,0.27910822782746764,0.03790987725039838,0.47536048259868086,647367,73886,153112.445,49619.874,0.0,15.1661
2025-11-24,66436,7549,4094324,0.20492436851076248,0.0,0.2631642058777333,0.037554027829471745,0.49435739778203247,639794,73648,153325.793,49516.977,0.0,17.0691
2025-11-25,66257,7712,4122839,0.2045776929994549,0.0,0.2626422225348736,0.03804194244492432,0.49473814202074723,633872,73499,153455.83800000002,49679.377,0.0,14.3434
2025-11-26,66482,7387,4091009,0.17562757443958718,0.0,0.5079355253821126,0.012805179505651965,0.3036317206726482,635956,73713,153322.788,49481.577,0.0,12.4482
2025-11-27,68330,7039,4095488,0.1828475976618647,0.0,0.5429795408510377,0.0,0.27417286148709746,636950,73582,152885.605,49648.719,0.0,12.5238
2025-11-28,69322,7364,4102865,0.19056242988872704,0.0,0.556573882719508,0.0,0.25286368739176496,641416,73717,153182.12,49442.963,0.0,10.5668
2025-11-29,68984,7559,4048771,0.18279068591007977,0.0,0.5171919153457956,0.00794057220840383,0.29207682653572076,620148,73536,152860.74599999998,49661.953,0.0,12.3282
2025-11-30,67732,7429,3997107,0.12289611996950407,0.0,0.30565517578146256,0.0616486623137617,0.5098000419352717,628713,72963,153221.688,49706.084,0.0,18.2319
2025-12-01,67532,7596,4014852,0.11378809181501102,0.0,0.34769539312450126,0.06613626512590634,0.4723802499345814,685614,73713,153264.097,49497.327,0.0,16.2737
2025-12-02,66618,7809,4012786,0.0758697834620807,0.0,0.4565935199343309,0.08357330357200674,0.3839633930315816,701874,73359,153349.01,49111.112,0.0,9.8851
2025-12-03,66632,7767,4069918,0.08992668695417985,0.0,0.5929556763339091,0.04001974944872427,0.27709788726318674,710645,73110,154235.82900000003,49100.815,0.0,4.1499
2025-12-04,69060,6456,4089763,0.11361577600571335,0.0,0.677763125155764,2.8434478424113623e-06,0.2086182553906802,720326,72577,154472.758,49483.634,0.0,4.3841
2025-12-05,68832,5629,4083936,0.09979588901596166,0.0,0.6430761885323734,0.008285419808049116,0.24884250264361574,719288,73510,154495.2,49547.351,0.0,6.2342
2025-12-06,68866,5756,4066409,0.06946802284237177,0.0,0.4721200619086329,0.05164526641678043,0.4067666488322148,715444,73250,154616.974,49540.608,0.0,8.1823
2025-12-07,68198,5751,4138818,0.06439042521063185,0.0,0.4895247962977597,0.05571886231963666,0.3903659161719719,710780,73168,154471.613,49705.209,0.0,13.479
2025-12-08,68951,5918,4183034,0.056794155260326024,0.0,0.500015267152275,0.061291679561875596,0.38189889802552335,704839,73551,154661.07299999997,49464.267,0.0,11.8278
2025-12-09,71037,5406,4223179,0.06759459145875871,0.0,0.47870377111191004,0.07539002707811124,0.37831161035121996,713776,73373,154296.496,49359.879,0.0,8.3784
2025-12-10,70295,5163,4249309,0.06726820713197322,0.0,0.44137006542335966,0.09362793306980437,0.3977337943748628,715136,73727,154936.01200000002,49334.713,0.0,10.8956
2025-12-11,70571,5500,4212813,0.07766684966932205,0.0,0.6254689391290522,0.018583904129794427,0.2782803070718312,720358,73004,153898.361,49554.553,0.0,14.0405
2025-12-12,71304,6117,4275164,0.07904911878699454,0.0,0.6729039915253224,0.0,0.24804688968768301,721864,74983,153763.744,49411.614,0.0101,7.3756
2025-12-13,70834,5465,4232434,0.03661950638453964,0.0,0.7527103911410232,0.0,0.2106701024744371,721162,73630,153981.87199999997,49408.054,0.0128,9.4158
2025-12-14,70820,6679,4260211,0.029574745172868407,0.0,0.7824014082609961,0.0,0.18802384656613544,722465,73266,154090.02899999998,49377.617,0.0,7.856
2025-12-15,70794,7297,4280579,0.056721474996571715,0.0,0.5228760122951626,0.06618053237530966,0.35422198033295615,714066,73409,154211.027,49519.901,0.0,8.107
2025-12-16,71183,7379,4289062,0.2309909370275893,0.0,0.20570689795337807,0.0557145247789866,0.5075876402400461,711414,72494,154585.303,49700.341,0.0,10.3459
2025-12-17,70850,7720,4332728,0.3222454467862487,0.0,0.19534526176954828,0.0,0.4824092914442029,714805,73353,153865.924,49403.103,0.0,12.4807
2025-12-18,70866,8122,4353779,0.31223936383038453,0.0,0.18832962510879264,0.014413695238544211,0.4850173158222785,714850,73060,153698.367,49292.853,0.0,10.8124
2025-12-19,71512,8477,4396263,0.2996629191358531,0.0,0.17537477979383165,0.02050566861545596,0.5044566324548594,711607,73573,153574.52899999998,49348.217,0.0,14.4285
2025-12-20,71559,8612,4373065,0.28439625857445094,0.0,0.17332249417394407,0.021766066270198402,0.5205151809814066,713690,72838,153314.686,49385.246,0.0,17.9913
2025-12-21,71903,8650,4446660,0.2240395045317097,0.0,0.3427520664673093,0.02097815706959163,0.41223027193138934,712491,73686,153403.053,49480.941,0.0,8.0953
2025-12-22,72760,8362,4482768,0.20802189351491646,0.0,0.39708046845555695,0.021412187891556536,0.37348545013796997,714498,73443,155097.847,49393.725,0.0,7.0582
2025-12-23,71855,8072,4539051,0.2374275762366639,0.0,0.34237848473164867,0.0209450246081514,0.3992489144235361,715060,73541,157120.025,49518.725,0.0,11.2204
2025-12-24,72317,9333,4552717,0.28615742726976234,0.0,0.27756373581867755,0.031405605472325154,0.404873231439235,703233,72299,158132.80000000002,49560.006,0.0295,10.7343
2025-12-25,71756,10032,4603926,0.31458460912192043,0.0,0.25866284361908987,0.030086414168226366,0.39666613309076343,681330,74036,158267.022,49301.835,0.0,5.7509
2025-12-26,71654,9773,4742611,0.3213798621726803,0.0,0.249579981105606,0.03523877402134941,0.39380138270036424,678288,74848,157829.008,49059.717,0.0,-0.4451
2025-12-27,70462,12627,4738641,0.19951564358021215,0.0,0.17873885026500416,0.12560049464896483,0.4961450115058187,673606,87551,172080.064,49349.186,0.0,3.9904
2025-12-28,70636,11950,4770970,0.1583480083388043,0.0,0.3447722941867467,0.11391619133829493,0.3829635061361541,672337,76583,164874.156,49312.145,0.0,8.4079
2025-12-29,69521,13405,4927747,0.10473186015519338,0.0,0.36797201655614864,0.1195542483852341,0.4077418749034239,700846,78909,190444.145,49556.924,0.0,12.8021
2025-12-30,70987,11991,5079640,0.10808514926351047,0.0,0.4929210180923923,0.06725525516556717,0.3317385774785299,728985,81108,189317.679,49587.625,0.0,8.5873
2025-12-31,81310,8975,5323407,0.1362595559035116,0.0,0.6125038701781653,0.0016134295805174876,0.24962314433780572,733390,122062,193999.007,49138.964,0.0,3.7122
2026-01-01,90745,5893,5522978,0.12531236819664462,0.0,0.6313575645840278,0.005244507310999744,0.2380855599083278,729044,137280,223972.12300000002,48985.709,0.0,0.2618
2026-01-02,95392,4625,5658517,0.12111106773577048,0.0,0.6483776118504833,0.006619720979331023,0.22389159943441514,736409,154664,233175.84099999996,49994.477,0.0,-0.0161
2026-01-03,95823,1157,5676485,0.08725726837963213,0.0,0.7254060214503623,0.009052258108141168,0.17828445206186447,735175,172084,233725.759,49342.858,0.0,2.6244
2026-01-04,95196,307,5657161,0.09236626655285153,0.0,0.7367956420916214,0.011448701149263642,0.15938939020626341,725592,175481,234619.566,49328.624,0.0,8.4818
2026-01-05,96187,575,5663423,0.1274817159832618,0.0,0.6219988128210124,0.0049655220703751545,0.24555394912535078,732952,175173,236105.55699999997,49389.718,0.0,7.5346
2026-01-06,96765,600,5650867,0.160580272159151,0.0,0.4876693328750881,0.008914543533403076,0.34283585143235784,731507,174712,237080.62999999995,49415.966,0.0,6.1296
2026-01-07,96333,885,5645600,0.13616890725834652,0.0,0.1495802446702782,0.07953577978410573,0.6347150682872696,728208,172733,238667.62,49252.264,0.0,8.6994
2026-01-08,95750,1397,5702072,0.1819284537220039,0.0,0.1491204144086762,0.05836831791356556,0.6105828139557542,728894,171687,239338.87800000003,49332.493,0.0,2.4804
2026-01-09,94915,1123,5692430,0.29991099138550287,0.0,0.1478882004020723,0.004162355328716852,0.548038452883708,699493,174778,238177.09999999998,49483.69,0.0,5.296
2026-01-10,95989,881,5640821,0.3057298422649925,0.0,0.14616458587186973,0.0040271386670348,0.5440784331961029,662658,175871,238779.35499999998,49881.988,0.0,10.0412
2026-01-11,96254,729,5648917,0.30660197038857556,0.0,0.13801261310757942,0.0041658896194863345,0.5512195268843587,664331,175135,238430.012,49148.191,0.0,1.2188
2026-01-12,96398,612,5683972,0.3141796409697408,0.0,0.10024256068277282,0.006124839820625316,0.579452958526861,665213,175632,237524.996,49481.508,0.0,2.5493
2026-01-13,94733,933,5689063,0.3294353298384744,0.0,0.07860629342437445,0.0062906228019108485,0.5856677539352403,704342,176384,236983.495,49436.434,0.0,8.456
2026-01-14,99579,1193,5755031,0.2049450580559697,0.0,0.34863055771803264,0.0029051233686605343,0.44351926085733717,778982,175826,236711.668,50162.223999999995,0.0,4.7746
2026-01-15,97374,812,5784488,0.17524622397639733,0.0,0.4203097997962602,0.0020638312549354294,0.4023801449724071,785339,174962,238122.943,49302.961,0.0,15.6224
2026-01-16,98181,450,5762617,0.15009440232403903,0.0,0.4798797251150501,0.002973309405969437,0.36705256315494145,785595,175953,237916.84,49610.59,0.0,11.6351
2026-01-17,97722,242,5788226,0.14506043645029698,0.0,0.5020374033105806,0.006133653673695748,0.3467685065654267,783910,175836,237804.80500000002,49428.987,0.0,9.9956
2026-01-18,98830,326,5771758,0.15358744312098152,0.0,0.5162181562736515,0.005867412713748342,0.3243269878916186,786014,176756,237517.78199999998,49448.114,0.0,9.337
2026-01-19,98049,551,5819284,0.13929376179967523,0.0,0.5865158619544408,0.0024062670070177255,0.27178410923886626,795670,175791,237984.45,49319.221,0.0,6.6952
2026-01-20,98374,609,5806717,0.14068743885685975,0.0,0.6024021347990084,0.0020088296554849534,0.2549015966886469,807628,175505,238566.67400000003,49392.165,0.0,1.4447
2026-01-21,99103,939,5801014,0.19992709506119163,0.0,0.4618625266594137,0.0013925397624095755,0.3368178385169852,806810,175920,237569.265,49437.579,0.0,-1.2297
2026-01-22,98994,1746,5817993,0.21988901795691942,0.0,0.36812800556576464,0.001226610212593206,0.4107563662647228,810169,175896,237849.44399999996,49399.776,0.0,-2.1546
2026-01-23,99129,1497,5814742,0.21997537464949207,0.0,0.3483644942042375,0.003128205121445474,0.42853192602482487,796602,176442,238721.399,49539.513,0.0,1.3235
2026-01-24,98281,736,5820958,0.13800163949686647,0.0,0.31441711124372895,0.01690110379692286,0.5306801454624818,758548,176642,238544.918,49233.357,0.0,3.0562
2026-01-25,97487,616,5799647,0.12703117723076732,0.0,0.32890911085663527,0.013013892603462566,0.5310458193091349,759497,174806,238544.79099999997,49325.385,0.0,1.7377
2026-01-26,96868,877,5851358,0.13896380497099028,0.0,0.34436362644907836,0.010190606287708221,0.5064819622922231,754880,174098,237938.119,49081.342,0.0,3.283
2026-01-27,97165,1086,5824926,0.13492200270501484,0.0,0.34564489216751565,0.015581669328822092,0.5038514357986474,758505,176364,238027.51700000005,49049.898,0.0,3.8233
2026-01-28,96990,1214,5847271,0.13858460665393968,0.0,0.3458349178227969,0.009275695784220956,0.5063047797390425,762112,176446,237891.69199999998,49084.034,0.0,1.9204
2026-01-29,96346,1310,5847040,0.15699655981282934,0.0,0.3532401888170102,4.6141068824662926e-05,0.4897171103013359,803825,176658,235656.28100000002,49052.49,0.0,2.8455
2026-01-30,94417,2370,5772659,0.16852663249468466,0.0,0.3688712084113716,0.0,0.4626021590939436,807498,177771,227577.435,49117.798,0.0,0.6909
2026-01-31,94569,2064,5745243,0.17493121138075776,0.0,0.37521516660515036,0.0,0.44985362201409185,810603,176864,227740.848,49054.735,0.0,3.4068
2026-02-01,95218,1866,5726682,0.18494430795725167,0.0,0.39306314773667916,0.0003283630121381086,0.42166418129393113,796318,176866,229371.017,49288.438,0.0,4.3363
2026-02-02,95022,1488,5774622,0.15279129970361172,0.0,0.33400953324434046,0.03267097428287735,0.4805281927691704,756458,177196,233567.61,49352.658,0.0,3.5277
2026-02-03,94981,1107,5800944,0.15155577963711742,0.0,0.31000941727871306,0.043046117607029616,0.49538868547713993,752644,175020,239247.72799999997,49534.771,0.0,5.5416
2026-02-04,93192,1141,5768811,0.12073226036308708,0.0,0.34652748323132043,0.047630165795193205,0.4851100906103992,746514,174509,243277.45500000002,49670.369,0.0,8.7969
2026-02-05,95396,720,5762216,0.20275129826821459,0.0,0.3416076641010775,0.001103670236121345,0.4545373673945865,787712,175147,246080.392,49446.347,0.0,11.8735
2026-02-06,97896,224,5808131,0.2085053265409463,0.0,0.31979756371196805,0.0011446126206383308,0.47055249712644737,805685,175529,245667.651,49831.82,0.0,8.5888
2026-02-07,97018,384,5834206,0.19323530447570453,0.0,0.31351370864685574,0.002296012427696812,0.4909549744497429,804049,175985,245402.318,49192.51,0.0,2.5766
2026-02-08,97833,1544,5869514,0.21539043573258218,0.0,0.38867140997502597,0.0017430734503030047,0.39419508084208876,809333,176345,245546.34499999997,48980.614,0.0,-1.4289
2026-02-09,98833,272,5894731,0.23881843495630256,0.0,0.435049009777363,0.0023243973483184454,0.32380815791801587,808415,176772,245400.36,49100.752,0.0,4.6061
2026-02-10,98455,63,5908505,0.17668778865801069,0.0,0.30283626344321996,0.03621235855007396,0.48426358934869534,767578,175693,245949.945,49279.242,0.0,8.1402
2026-02-11,96239,906,5906493,0.15398756320885326,0.0,0.16289436922680967,0.06466180609620818,0.6184562614681288,758802,176256,244708.53500000003,49492.238,0.0,9.7527
2026-02-12,93643,1578,5835798,0.1733786226043592,0.0,0.13550873919276954,0.07737323341410307,0.6137394047887683,763050,175938,240728.099,49135.655,0.0,10.4981
2026-02-13,92188,2136,5819991,0.23876665595740693,0.0,0.1631363725206882,0.05939644011818488,0.5387005314037199,772627,174596,236236.695,49116.76,0.0,12.4891
2026-02-14,92804,2084,5794554,0.30857354094339245,0.0,0.18539225082196842,0.037697779036225704,0.46833642919841356,814435,176540,234377.856,49078.675,0.0,13.6974
2026-02-15,93971,1681,5818355,0.27722968265130005,0.0,0.1541936203347552,0.04431822784869811,0.5242584691652465,815777,176099,242838.228,49295.904,0.0,15.3449
2026-02-16,94706,1473,5895974,0.22372143346583745,0.0,0.10709605902010058,0.05037836352512957,0.6188041439889325,810875,175367,250685.818,49531.745,0.0014,8.8476
2026-02-17,94819,1292,5838320,0.2211187410798026,0.0,0.1126559978763711,0.0510921775003373,0.6151330835434891,810702,175945,249832.59399999998,49268.31,0.0,10.0955
2026-02-18,93868,1170,5852053,0.15439302051991402,0.0,0.3648848895357642,0.05314155419294691,0.42758053575137484,812038,174905,249863.13800000004,49269.272,0.0,9.1012
2026-02-19,93634,748,5871128,0.1378581680264657,0.0,0.3393102438358283,0.06757499547217495,0.455256592665531,777639,176366,249799.652,49315.126,0.0,9.1998
2026-02-20,97375,670,5874029,0.11524154571960622,0.0,0.22719565910118675,0.09177158369544126,0.5657912114837658,759249,174110,250846.985,49783.569,0.0,12.4867
2026-02-21,95332,885,5841923,0.1151947530673686,0.0,0.24024355470422445,0.10635837454269377,0.5382033176857132,758580,175267,250910.72,49417.029,0.0,14.6236
2026-02-22,94786,971,5851844,0.0914255942039498,0.0,0.2656911375700064,0.1114166948427773,0.5314665733832664,755448,175339,250971.35499999998,49755.372,0.0,18.727
2026-02-23,94885,1091,5848695,0.07842013001662676,0.0,0.2569070573026015,0.1212860510591625,0.5433867616216093,763043,174938,251667.233,49815.271,0.0,9.6956
2026-02-24,94398,1128,5857386,0.07394275781024134,0.0,0.2275177027092311,0.14139123367809003,0.5571483058024377,725714,171460,252301.02500000002,49811.44,0.0802,7.4794
2026-02-25,85473,2017,5706262,0.06280236560093376,0.0,0.24908770209801404,0.15549030605926545,0.5326196262417867,674408,175406,215266.12800000003,49667.91,0.0038,11.0615
2026-02-26,79462,2374,5518894,0.0662094018021861,0.0,0.21646130762899052,0.1833009309783542,0.5340283595904691,592301,176159,168224.754,49730.111,0.0,11.7336
2026-02-27,75419,3267,5374814,0.10479465807979785,0.0,0.38648238858724093,0.03165260789946565,0.4770703454334956,497143,178334,176786.70899999997,48963.336,0.0187,10.1278
2026-02-28,75211,2885,5257741,0.11521066700495515,0.0,0.39732078272113824,0.02003876330238026,0.4674297869715263,499476,178072,166522.324,49212.864,0.0,9.8444
2026-03-01,75157,2169,5196390,0.0961359923182057,0.0,0.47170170563344843,0.03655347358927855,0.3956088284590673,490773,178990,166515.039,49019.763,0.0,10.6839
2026-03-02,76357,5397,5212942,0.08927505452089476,0.0,0.5100888496956617,0.04364403540041635,0.35699206038302717,487958,178122,166775.77000000002,49091.695,0.0448,9.9602
2026-03-03,76499,5870,5239089,0.08823206950978202,0.0,0.5314963979847445,0.04507914915381826,0.3351923833516552,540251,176845,164900.37300000002,49142.448,0.0024,9.7792
2026-03-04,77473,5534,5229594,0.09840506872173192,0.0,0.49395047546223736,0.04254033653218521,0.3651041192838455,601125,178522,166415.294,49238.565,0.0,10.332
2026-03-05,77980,2423,5257913,0.0973692613696841,0.0,0.48698090377670644,0.04325973894845792,0.3723900959051515,600200,178419,165766.76299999998,48907.966,0.0,11.1339
2026-03-06,77742,1737,5271054,0.12872403833545246,0.0,0.5639627696878402,0.017897063582102985,0.28941612839460423,597702,179071,166065.528,49608.489,0.0,11.3741
2026-03-07,80170,1216,5253811,0.13027094650697432,0.0,0.5660884888789244,0.016815745597321373,0.28682481901677986,601659,177597,166711.81300000002,49336.933,0.0,7.4362
2026-03-08,80869,875,5248353,0.10398213915646767,0.0,0.5887832829211365,0.01849957866868707,0.2887349992537088,600213,177975,166665.645,49368.899000000005,0.0,8.2247
2026-03-09,80993,949,5279109,0.09070935915898715,0.0,0.5792147630876767,0.018123746054572516,0.3119521316987634,600333,178285,165926.962,49293.64,0.0,9.2343
2026-03-10,82719,395,5284678,0.1242920118073535,0.0,0.5488134265994901,0.029882751627771386,0.2970118099653852,595443,178880,165952.435,49475.758,0.0,8.8943
2026-03-11,84031,-257,5283098,0.16502292629740617,0.0,0.4527363642599396,0.04899943350672798,0.33324127593592623,602360,178342,166238.47,49356.023,0.0,10.9826
2026-03-12,84214,-397,5264040,0.1651745665334677,0.0,0.4322488609342799,0.04798549939338551,0.35459107313886673,601790,178224,166054.15000000002,49201.637,0.0117,9.7066
2026-03-13,83325,-117,5273086,0.13587698386822278,0.0,0.34744492285943696,0.01743960844684686,0.49923848482549343,598241,178136,165704.718,49270.839,0.0133,7.3125
2026-03-14,82373,235,5248621,0.15249497493240424,0.0,0.31404667599791036,0.018731261433264614,0.5147270876364208,597838,178330,164667.212,49156.827999999994,0.0,9.9925
2026-03-15,81886,303,5251275,0.1429174276702681,0.0,0.32356355077474325,0.04135652526585069,0.492162496289138,597760,178219,164617.735,49362.835,0.0,11.7967
2026-03-16,80775,566,5263703,0.12813583595555283,0.0,0.28986289621215683,0.06563432593777446,0.5163669418945159,599045,177382,165672.596,49058.955,0.0,11.8189
2026-03-17,79665,113,5212815,0.09297020004788542,0.0,0.21201722082061905,0.0793053372794836,0.6157072418520119,596846,175815,165853.891,48981.552,0.0,13.3252
2026-03-18,78284,1640,5222715,0.08911242318793013,0.0,0.18519532740545605,0.08461169949837734,0.6410805499082365,621618,177378,166009.01299999998,49269.323,0.0149,12.4495
2026-03-19,78371,1543,5262910,0.06345106424902158,0.0,0.21112718896722127,0.0932463899531448,0.6321753568306124,736465,177875,166619.70400000003,49553.477,0.0,11.4832
2026-03-20,79294,1910,5361991,0.050633426443999596,0.0,0.2452918418644289,0.09536133732812989,0.6087133943634417,786575,178134,162300.33800000002,49370.377,0.0,14.7585
2026-03-21,78531,1813,5408645,0.03502680267234871,0.0,0.30692346222839284,0.07866814714104671,0.5793815879582118,822020,177142,158732.885,49445.151999999995,0.0,14.5039
2026-03-22,74973,2036,5291618,0.06300810169384063,0.0,0.2803209667650573,0.07259990468128873,0.5840710268598135,794090,172117,134344.287,49449.31,0.0,15.046
2026-03-23,75454,2128,5315157,0.07108987459320787,0.0,0.19429727365051058,0.07704009352647645,0.657572758229805,774987,168476,153935.10700000002,49708.594000000005,0.0,14.6221
2026-03-24,76686,1406,5384774,0.053848584105416715,0.0,0.1685891264518849,0.09148396138052463,0.6860783280621738,780296,174388,163764.81900000002,49654.412000000004,0.0,12.8526
2026-03-25,72270,2285,5305088,0.03747396437310556,0.0,0.1764179139210003,0.10017395079139423,0.6859341709144999,743149,177511,164087.499,49713.373999999996,0.0,13.9914
2026-03-26,70703,2691,5235449,0.024214491450472612,0.0,0.21681243871863676,0.11219894688704797,0.6467741229438426,722953,176137,164033.218,49881.441,0.0,15.7087
2026-03-27,71624,3406,5283462,0.04355197217469606,0.0,0.14466629597698138,0.10966448899148268,0.70211724285684,721443,177550,163975.69,49885.485,0.0,19.4189
2026-03-28,71624,3588,5258302,0.0482633037801935,0.0,0.12846937097118125,0.09550846695759597,0.7277588582910293,719486,177218,164531.99,50227.608,0.0,16.5345
2026-03-29,70944,3485,5244021,0.029176848849139948,0.0,0.2679902407426605,0.09613592222069474,0.6066969881875047,719613,178384,164192.73700000002,49533.022000000004,0.0,15.459
2026-03-30,70488,3585,5268307,0.029031308648466946,0.0,0.39117695719057194,0.10974321571264192,0.470048518448319,716621,177663,160200.492,50089.329999999994,0.066,16.8279
2026-03-31,70213,3935,5217737,0.038764059135917815,0.0,0.43398487776610817,0.10753038747587614,0.41972067562209775,721734,176969,152346.57499999998,50750.024999999994,0.0667,14.5471
